,index,text_d_mkt_mean,text_d_mkt_std,text_d_mkt_min,text_d_mkt_p25,text_d_mkt_p50,text_d_mkt_p75,text_d_mkt_max
0,1,0.2325438857078552,,0.2325438857078552,0.2325438857078552,0.2325438857078552,0.2325438857078552,0.2325438857078552
1,2,0.13148378900119237,0.05357383618628571,0.06895774602890015,0.09243164956569673,0.11075007915496826,0.14962449669837952,0.24646145105361936
2,3,0.14378071361117892,0.060078411411601196,0.05553716421127319,0.09281814098358154,0.1291075348854065,0.1975422501564026,0.2850402593612671
3,4,0.14103564132343638,0.05769863434222699,0.05553716421127319,0.09315896034240723,0.12502747774124146,0.19521558284759521,0.2850402593612671
4,5,0.13587828838463986,0.056900588277710655,0.05553716421127319,0.09275484085083009,0.1167658567428589,0.18669354915618896,0.2850402593612671
5,7,0.13978230953216553,0.005524161266685629,0.1337350606918335,0.13739165663719177,0.14104825258255005,0.14280593395233154,0.14456361532211304
6,8,0.13180488348007202,0.026992933026091497,0.08933377265930176,0.10906539857387543,0.13739165663719177,0.14425106346607208,0.17393898963928225
7,9,0.12342748897416252,0.026124470608338217,0.07462859153747559,0.1080135554075241,0.12644129991531372,0.14171409606933594,0.17393898963928225
8,10,0.11586137943797642,0.02890447760183481,0.05334150791168213,0.09188596904277802,0.11145639419555665,0.1371273547410965,0.17393898963928225
9,11,0.11565332234590903,0.04209035616108275,0.04259437322616577,0.08504694700241089,0.10840082168579104,0.1350441575050354,0.2622021436691284
10,12,0.1161002605192123,0.042176679830425834,0.04259437322616577,0.08570301532745361,0.10839682817459106,0.13502097129821775,0.2733854055404663
11,13,0.11478103312753862,0.042062526887120644,0.03693294525146485,0.08481334149837494,0.10816705226898193,0.13377989828586578,0.2733854055404663
12,14,0.11199873336800584,0.039713711737495806,0.03693294525146485,0.08369608223438263,0.10510224103927612,0.13030374050140384,0.2733854055404663
13,15,0.12381437747581457,0.05133484088111718,0.03693294525146485,0.08809229731559753,0.11181867122650146,0.14410793781280518,0.3339551091194153
14,16,0.12442385564394784,0.05042919860380914,0.03693294525146485,0.08905725181102753,0.11389362812042235,0.14480061829090118,0.3339551091194153
15,17,0.13567575259421,0.06729421047229985,0.03693294525146485,0.08944502472877502,0.11726635694503784,0.15755541622638702,0.38326549530029297
16,18,0.13662478524308366,0.06632160897024979,0.03693294525146485,0.09049248695373537,0.11941754817962646,0.1594073623418808,0.38326549530029297
17,20,0.07957488298416138,,0.07957488298416138,0.07957488298416138,0.07957488298416138,0.07957488298416138,0.07957488298416138
18,21,0.08515957991282146,0.018276399537163576,0.06774133443832397,0.07082359492778777,0.08264952898025513,0.09180215001106262,0.11618244647979735
19,22,0.1558011902703179,0.12444540279487919,0.04392838478088379,0.07762454450130463,0.09965065121650696,0.13804304599761963,0.4245647192001343
20,23,0.14673696984263027,0.09536466960477791,0.04073774814605713,0.08928807079792024,0.12264057993888855,0.15223939716815948,0.4415333271026611
21,24,0.136421729598129,0.09398535730797947,0.0324515700340271,0.08083558082580566,0.11507415771484375,0.1444799304008484,0.4415333271026611
22,25,0.1323985497156779,0.08941973513167428,0.0324515700340271,0.080781489610672,0.11129418015480042,0.1389433741569519,0.4415333271026611
23,26,0.12887266782983656,0.07651218858612702,0.0324515700340271,0.08445340394973756,0.11323210597038268,0.14337843656539917,0.4476969242095947
24,27,0.13511699182646617,0.07437305224555502,0.0324515700340271,0.08908499777317047,0.12091347575187683,0.1571904420852661,0.4476969242095947
25,28,0.13497360472272082,0.0753070923940922,0.028929352760314938,0.086514413356781,0.11829230189323425,0.16169141232967377,0.4662773013114929
26,29,0.13855009429308832,0.07214095346067499,0.028929352760314938,0.08968031406402588,0.12332558631896973,0.16884982585906982,0.4662773013114929
27,30,0.13605040203931645,0.07182374054876249,0.028929352760314938,0.08731536567211151,0.12083837389945984,0.16761749982833862,0.4662773013114929
28,31,0.1352262881912929,0.07172757281033794,0.028929352760314938,0.08619809150695801,0.1203039288520813,0.1664823591709137,0.4662773013114929
29,32,0.1341785089787385,0.06922146293033943,0.028929352760314938,0.08811059594154358,0.11962962150573732,0.16298037767410278,0.4662773013114929
30,33,0.12889303826967993,0.06404532095311243,0.028929352760314938,0.08577990531921388,0.1162448525428772,0.15439468622207642,0.4662773013114929
31,34,0.12677011719669204,0.06186435155801247,0.028929352760314938,0.084998220205307,0.11478331685066223,0.15219321846961975,0.4662773013114929
32,35,0.13287161726009653,0.06837981409569419,0.028929352760314938,0.08691877126693726,0.1182602047920227,0.15799623727798462,0.4776336550712586
33,36,0.1358373664261112,0.06714716287070537,0.028633415699005123,0.08968031406402588,0.123784601688385,0.16284078359603882,0.4776336550712586
34,37,0.13882777319906106,0.06700447785618394,0.0,0.09195694327354431,0.12722325325012207,0.16806241869926453,0.4776336550712586
35,38,0.14078607436566226,0.06691717053819796,0.0,0.09403949975967407,0.12898337841033936,0.1691398173570633,0.4776336550712586
36,39,0.1400473922088527,0.06698235248078498,0.0,0.09335982799530028,0.12803238630294805,0.1687246561050415,0.4776336550712586
37,40,0.14002983183586964,0.06618981939268281,0.0,0.0934486985206604,0.12828031182289124,0.16904036700725555,0.4776336550712586
38,41,0.1406480750369657,0.06602198050318454,0.0,0.0938686728477478,0.12874221801757812,0.17036664485931396,0.4776336550712586
39,42,0.1370915694155042,0.06502679033031021,0.0,0.09112381935119628,0.1247994899749756,0.16765815019607544,0.4776336550712586
40,43,0.14043682249855263,0.0729349763721602,0.0,0.09096556901931764,0.12538790702819824,0.1689790040254593,0.5524466037750244
41,44,0.13710940438404418,0.07041471125347168,0.0,0.08888623118400574,0.12262195348739625,0.1662617325782776,0.5524466037750244
42,45,0.13620720855708193,0.06996314295981435,0.0,0.08857560157775879,0.12147176265716553,0.1650702953338623,0.5524466037750244
43,46,0.13451836961052716,0.06957785110022321,0.0,0.08729259669780731,0.11965131759643555,0.1630081832408905,0.5524466037750244
44,47,0.1364681858991839,0.07239503044020484,0.0,0.08747011423110962,0.1198621392250061,0.16441714763641355,0.5524466037750244
45,48,0.13447538357927002,0.07193075296858141,0.0,0.08569800853729248,0.11775916814804074,0.16262352466583252,0.5524466037750244
46,49,0.13228979531091978,0.07017163182902017,0.0,0.08478593826293945,0.1164259910583496,0.16016089916229248,0.5524466037750244
47,50,0.13113323195537516,0.06930859527716787,0.0,0.08411836624145508,0.11529022455215455,0.1587843894958496,0.5524466037750244
48,51,0.1306904361258325,0.0695460581124823,0.0,0.08339822292327881,0.11451870203018187,0.15846791863441467,0.5524466037750244
49,52,0.12967245262644833,0.06857726201095488,0.0,0.08344405889511108,0.11391115188598633,0.15666469931602478,0.5524466037750244
50,53,0.12961083876359894,0.06853848702016983,0.0,0.08342289924621582,0.11386638879776,0.15660274028778076,0.5524466037750244
51,54,0.05456411838531493,,0.05456411838531493,0.05456411838531493,0.05456411838531493,0.05456411838531493,0.05456411838531493
52,55,0.10400978326797486,0.051448893998684214,0.05456411838531493,0.06448240578174591,0.07818609476089478,0.1478348672389984,0.18588435649871826
53,56,0.1056268850962321,0.04512283724368395,0.05456411838531493,0.0722772479057312,0.08662450313568115,0.13990959525108337,0.18588435649871826
54,58,0.17982869148254393,0.053533830137305755,0.08968853950500487,0.15946944057941437,0.17579135298728943,0.19600984454154968,0.2677143812179565
55,59,0.15978375786826723,0.05134696773928376,0.08049958944320679,0.12561935186386108,0.15873372554779053,0.1928876638412476,0.2677143812179565
56,60,0.1338132412144632,0.050930512638744964,0.05459541082382202,0.09523105621337889,0.1269606351852417,0.1730809360742569,0.2677143812179565
57,61,0.1318226049343745,0.06219640058070094,0.035767197608947754,0.08202613890171051,0.11982336640357971,0.1771637797355652,0.34466737508773804
58,62,0.12321468996025665,0.059551499861118525,0.035767197608947754,0.07573547959327698,0.1044502854347229,0.16917002201080322,0.34466737508773804
59,63,0.13275058685787142,0.05542425325026544,0.035767197608947754,0.08580517768859862,0.12770190834999084,0.17277656495571136,0.34466737508773804
60,64,0.12828343756058636,0.055738110748388886,0.02635180950164795,0.081745445728302,0.12453663349151613,0.17024105787277222,0.34466737508773804
61,65,0.1375264188822578,0.06655804746957916,0.02635180950164795,0.08372890949249268,0.12833094596862793,0.1789448857307434,0.3794726729393005
62,66,0.13721296940094385,0.06607227412273206,0.02635180950164795,0.0829138308763504,0.12788864970207214,0.17923276126384735,0.3794726729393005
63,67,0.14412123572592642,0.08354454018185556,0.02635180950164795,0.08088240027427672,0.12770289182662964,0.18365263938903809,0.5266904234886169
64,68,0.14085342974032997,0.08259597815989722,0.02635180950164795,0.07942214608192444,0.12307512760162355,0.1795494258403778,0.5266904234886169
65,69,0.13371182636352583,0.08118924536486864,0.02635180950164795,0.07506056129932404,0.11038997769355774,0.17414352297782895,0.5266904234886169
66,70,0.13026701957578696,0.0801624862498661,0.02635180950164795,0.07277512550354004,0.10518407821655273,0.17157801985740662,0.5266904234886169
67,71,0.12814103588359954,0.07371061411247512,0.025228142738342285,0.07371771335601808,0.1095566749572754,0.16919469833374023,0.5266904234886169
68,72,0.12690519002104358,0.07025037925263208,0.025228142738342285,0.0748702883720398,0.1100711226463318,0.16692960262298584,0.5266904234886169
69,73,0.12878578838049892,0.0713863575457647,0.025228142738342285,0.07525326311588287,0.11260950565338138,0.16730618476867676,0.5266904234886169
70,74,0.12828835150153187,0.07110655200385692,0.024846017360687256,0.07478111982345581,0.1121600866317749,0.16758041083812714,0.5266904234886169
71,75,0.13331848489971973,0.07159092853349694,0.005970478057861328,0.07947784662246704,0.1201632022857666,0.16966402530670166,0.5266904234886169
72,76,0.1349939158558552,0.07210251256472555,0.005970478057861328,0.08061587810516357,0.12054336071014406,0.17302614450454712,0.5266904234886169
73,77,0.1334279920414149,0.06886572162653912,0.005970478057861328,0.08391126990318297,0.11876267194747925,0.1670166552066803,0.5266904234886169
74,78,0.13384787268272821,0.06881209607114377,0.005970478057861328,0.0855877697467804,0.11790263652801515,0.1655248999595642,0.5266904234886169
75,79,0.1339654608766849,0.06770090673867642,0.005970478057861328,0.08674657344818115,0.11945009231567386,0.16449344158172607,0.5266904234886169
76,80,0.13274767665277895,0.06726606056473985,0.005970478057861328,0.08584895730018617,0.11802375316619873,0.16267439723014832,0.5266904234886169
77,81,0.1312292268491715,0.06632961090026304,0.005970478057861328,0.08489227294921875,0.11608350276947021,0.16055142879486084,0.5266904234886169
78,82,0.13539736910672548,0.07983401403610724,0.005970478057861328,0.08431339263916016,0.11565852165222168,0.16112390160560608,0.6841499209403992
79,83,0.13468912124087165,0.07549188755608727,0.005970478057861328,0.08640362322330475,0.116789311170578,0.1594473272562027,0.6841499209403992
80,84,0.13190141213712733,0.07361948209240769,-1.1920928955078125e-07,0.08460766077041626,0.114490807056427,0.1552956998348236,0.6841499209403992
81,85,0.13224251198039275,0.07201638619067964,-1.1920928955078125e-07,0.08605256676673889,0.11576962471008301,0.15602245926856995,0.6841499209403992
82,86,0.13491748029490194,0.07469245969556264,-1.1920928955078125e-07,0.08670172095298767,0.11688697338104248,0.1585475504398346,0.7564847022294998
83,87,0.13331846931538024,0.07327568565361137,-1.1920928955078125e-07,0.08561724424362183,0.11576038599014282,0.15757662057876587,0.7564847022294998
84,88,0.13250973346045197,0.07201547334225798,-1.1920928955078125e-07,0.08597761392593384,0.11521440744400024,0.15567606687545776,0.7564847022294998
85,89,0.13224999469473314,0.0712192404441091,-1.1920928955078125e-07,0.08630436658859253,0.11529505252838135,0.15532147884368894,0.7564847022294998
86,90,0.13260272774483264,0.07091530482333046,-1.1920928955078125e-07,0.08649861812591553,0.11559200286865234,0.15648776292800906,0.7564847022294998
87,91,0.13435332881534423,0.0704871528126019,-1.1920928955078125e-07,0.08763134479522705,0.11782968044281004,0.16039466857910156,0.7564847022294998
88,92,0.13511746828208251,0.07151902606648892,-1.1920928955078125e-07,0.08687520027160645,0.11757546663284305,0.16285330057144165,0.7564847022294998
89,93,0.13287448600021973,0.06980238436189805,-1.1920928955078125e-07,0.08608826994895935,0.11586761474609375,0.1591668725013733,0.7564847022294998
90,94,0.13213654435187705,0.0694413200100762,-1.1920928955078125e-07,0.0857086181640625,0.11520391702651978,0.1580360233783722,0.7564847022294998
91,95,0.176624995470047,0.11779189534042964,0.06647235155105591,0.07750456035137177,0.1106255054473877,0.29743705689907074,0.3480300307273865
92,96,0.13425842920939127,0.07048855630135649,0.0623544454574585,0.09277915954589844,0.10984957218170166,0.13934731483459473,0.3480300307273865
93,97,0.13101079577908797,0.06795934130964427,0.05813634395599365,0.09346406161785126,0.10959571599960327,0.13872309029102328,0.3480300307273865
94,98,0.13036448114058552,0.06657191122808334,0.05813634395599365,0.0936923623085022,0.10957479476928712,0.13894379138946533,0.3480300307273865
95,99,0.13463542545050905,0.0666868487665519,0.05813634395599365,0.09514439105987549,0.11320596933364868,0.1468002200126648,0.3742700219154358
96,100,0.1321538862429167,0.06538132917043372,0.05813634395599365,0.09381972253322601,0.1119508445262909,0.14381000399589539,0.3742700219154358
97,101,0.14350222122101558,0.07217305304534363,0.05813634395599365,0.0952143669128418,0.11577194929122925,0.1621980518102646,0.3742700219154358
98,103,0.12726116180419922,,0.12726116180419922,0.12726116180419922,0.12726116180419922,0.12726116180419922,0.12726116180419922
99,104,0.1754899819691976,0.03388591411712224,0.12726116180419922,0.1631348729133606,0.16755834221839905,0.1967664510011673,0.2223991751670837
100,105,0.1775909185409546,0.027921379347177498,0.12726116180419922,0.1631348729133606,0.16803845763206482,0.20001120865345,0.2223991751670837
101,106,0.18410672744115195,0.03298179058241359,0.12726116180419922,0.1637176275253296,0.1773279905319214,0.20393189787864685,0.23639339208602905
102,107,0.1726990214415959,0.03666449822994604,0.09161806106567384,0.14083775877952576,0.1692962348461151,0.2024964839220047,0.23639339208602905
103,108,0.16652179426617092,0.03636824405567324,0.09161806106567384,0.13595399260520935,0.16536325216293335,0.1946580111980438,0.23639339208602905
104,109,0.163372079892592,0.0358172931606909,0.09161806106567384,0.13560158014297485,0.16338878870010376,0.18733522295951843,0.23639339208602905
105,110,0.15634562662153534,0.03840527414650939,0.06318312883377075,0.1292676329612732,0.15800034999847412,0.18127219378948212,0.23639339208602905
106,111,0.15725651536232385,0.03922234182609301,0.06318312883377075,0.12942077219486237,0.15780937671661377,0.18175828456878665,0.25697022676467896
107,112,0.1555192653949444,0.03979977699244118,0.06318312883377075,0.12852373719215393,0.15731900930404666,0.18160617351531985,0.25697022676467896
108,113,0.1553444368498666,0.03920330219518504,0.06318312883377075,0.12866824865341187,0.15731900930404666,0.18130195140838626,0.25697022676467896
109,114,0.17150285733186227,0.0864609004701041,0.0,0.1100037693977356,0.14722943305969238,0.21285542845726013,0.5901832282543182
110,115,0.10173132022221883,0.02779422392304686,0.07247191667556763,0.08870607614517212,0.1049402356147766,0.11636102199554443,0.12778180837631226
111,116,0.09356765945752461,0.028950678147219647,0.04822593927383423,0.07803051173686981,0.09982326626777649,0.11119487881660464,0.12778180837631226
112,117,0.1724840239249636,0.08367141073381693,0.0,0.11341601610183716,0.14983749389648438,0.21447396278381348,0.5901832282543182
113,118,0.17119110045225724,0.08309108418185747,0.0,0.11199185252189636,0.1491064727306366,0.2131595909595489,0.5901832282543182
114,119,0.17038918431269676,0.08303381283138851,0.0,0.11118105053901674,0.1480558216571808,0.21215127408504492,0.5901832282543182
115,120,0.1733610047572122,0.08720283190984025,0.0,0.11106497049331664,0.14883196353912356,0.21608507633209229,0.5901832282543182
116,121,0.17153493257545066,0.08683920497450219,0.0,0.10939830541610718,0.14702260494232178,0.2132088541984558,0.5901832282543182
117,122,0.09853541851043701,0.021053088427979375,0.07710570096969603,0.08412450551986694,0.0917184054851532,0.11162525415420531,0.13081592321395874
118,123,0.12280486226081848,0.03698059154682909,0.07710570096969603,0.09017996490001678,0.12402558326721191,0.14574527740478516,0.1864757537841797
119,124,0.13218229157584055,0.03503993721459213,0.07710570096969603,0.11143368482589723,0.13081592321395874,0.15216666460037231,0.19120854139328008
120,125,0.12297728231975011,0.03816955801177061,0.05268484354019165,0.09117138385772705,0.12142342329025269,0.14877849817276,0.19120854139328008
121,126,0.12765226231680976,0.03376923588604704,0.05268484354019165,0.10104435682296753,0.13006353378295898,0.14775478839874268,0.19120854139328008
122,127,0.1256083467427422,0.038099998743645155,0.05268484354019165,0.09581369161605836,0.1280842423439026,0.1480581760406494,0.2285154461860657
123,129,0.07282620668411255,,0.07282620668411255,0.07282620668411255,0.07282620668411255,0.07282620668411255,0.07282620668411255
124,130,0.12610405530685034,0.03206731882340982,0.05979222059249877,0.10470949113368988,0.1255679428577423,0.14146780967712402,0.244903028011322
125,131,0.14378000091720414,0.05310324605021211,0.05979222059249877,0.10671854019165039,0.13012343645095825,0.16536685824394226,0.29254627227783203
126,132,0.1406218517394293,0.052563392188336756,0.05979222059249877,0.10456031560897827,0.12753534317016602,0.16240578889846802,0.29254627227783203
127,133,0.14496557385313744,0.050622822445366825,0.05979222059249877,0.10674679279327393,0.13571375608444214,0.1716330647468567,0.29254627227783203
128,134,0.1585087087247279,0.08581588374964268,0.04966545104980469,0.10286462306976318,0.1316969394683838,0.1778787076473236,0.4315523505210877
129,135,0.15545521988699088,0.08518403697304373,0.04966545104980469,0.10073846578598022,0.1298435926437378,0.1736583709716797,0.4315523505210877
130,136,0.15144906520843507,0.08295057050854013,0.04966545104980469,0.0997587740421295,0.1253281831741333,0.16912364959716797,0.4315523505210877
131,137,0.15615089768358106,0.08283089474457496,0.04966545104980469,0.10080620646476746,0.12912392616271973,0.18353429436683658,0.4315523505210877
132,138,0.15005644628371315,0.08222232192922904,0.031528830528259284,0.09709322452545166,0.12430310249328612,0.17326337099075317,0.4315523505210877
133,139,0.1439821799808645,0.08016582731531158,0.031528830528259284,0.09404438734054564,0.11984384059906004,0.16240578889846802,0.4315523505210877
134,140,0.14356995350172538,0.07982016564449004,0.031528830528259284,0.09389621019363403,0.1194525957107544,0.16064098477363586,0.43170303106307983
135,141,0.14278472024902158,0.077513275772379,0.031528830528259284,0.09359711408615112,0.12164139747619628,0.16318458318710327,0.43170303106307983
136,142,0.1434850111240294,0.07510840538546668,0.031528830528259284,0.09495872259140016,0.12506508827209473,0.16619807481765747,0.43170303106307983
137,143,0.14347156212311382,0.07409972852565873,0.031528830528259284,0.09652471542358398,0.12527209520339966,0.1644599735736847,0.43170303106307983
138,144,0.1452196441220899,0.07476852350286127,0.031528830528259284,0.09573215246200564,0.1263163983821869,0.17109911143779755,0.4900525212287903
139,145,0.14864799908229284,0.07802475066471189,0.031528830528259284,0.09545749425888064,0.1274910569190979,0.17885857820510864,0.4900525212287903
140,146,0.15172722550391485,0.07750699513425778,0.031528830528259284,0.09968063235282898,0.13035011291503906,0.18373951315879822,0.4900525212287903
141,147,0.1507708384533121,0.07685190665681604,0.031528830528259284,0.09953641891479492,0.12899726629257202,0.1820505261421204,0.4900525212287903
142,148,0.14635004524106543,0.07504381920224198,0.031528830528259284,0.09580957889556883,0.1257731318473816,0.17381852865219116,0.4900525212287903
143,149,0.1446759206090797,0.07467593399585021,0.031528830528259284,0.09410113096237184,0.12451398372650145,0.17190545797348022,0.4900525212287903
144,150,0.1843495283808027,0.04709058367579856,0.10650277137756348,0.15335673093795776,0.17769962549209595,0.22437894344329834,0.2585115432739258
145,151,0.17408753080027445,0.05293846432348181,0.0703897476196289,0.13191711902618408,0.17580828070640564,0.21970541775226596,0.2585115432739258
146,152,0.16833372910817465,0.0523059620348185,0.0703897476196289,0.1256184428930283,0.1633797585964203,0.20939642190933228,0.2585115432739258
147,153,0.15981392330593533,0.05411939733113159,0.06172484159469605,0.11811619997024535,0.15335673093795776,0.20240318775177,0.2585115432739258
148,154,0.13942354255252415,0.0475418228499646,0.06172484159469605,0.10384029150009155,0.13005465269088745,0.1758575141429901,0.2585115432739258
149,155,0.13512927009945824,0.04624131424759526,0.06172484159469605,0.10089606046676636,0.12504297494888306,0.16549992561340332,0.2585115432739258
150,156,0.14428166721178137,0.053870385771593754,0.06172484159469605,0.10371989011764526,0.13037556409835815,0.18103837966918945,0.3030930757522583
151,158,0.3658786416053772,,0.3658786416053772,0.3658786416053772,0.3658786416053772,0.3658786416053772,0.3658786416053772
152,159,0.281702717145284,0.15196780746415953,0.10627299547195436,0.23607581853866577,0.3658786416053772,0.36941757798194885,0.3729565143585205
153,160,0.2006935954093933,0.1368445444693923,0.06711596250534058,0.0937981903553009,0.12768816947937012,0.36641985177993774,0.4181668758392334
154,161,0.08063451647758484,0.018996451205933282,0.0515439510345459,0.06502838432788849,0.08575287461280823,0.08950699865818024,0.10456156730651857
155,163,0.10696470737457277,,0.10696470737457277,0.10696470737457277,0.10696470737457277,0.10696470737457277,0.10696470737457277
156,164,0.08920431137084961,0.0203734923567781,0.06103867292404175,0.07484143972396852,0.09331196546554565,0.10675978660583497,0.10763627290725708
157,165,0.15509080035345896,0.060789482279184924,0.06077384948730469,0.10753905773162843,0.14079594612121582,0.208311140537262,0.2995823621749878
158,166,0.15970279344546248,0.07014001021688357,0.06077384948730469,0.1047893762588501,0.1420409083366394,0.21180355548858645,0.3980938196182251
159,167,0.1523695014771961,0.06638266464596741,0.04968082904815674,0.10040304064750671,0.13531556725502014,0.20763006806373602,0.3980938196182251
160,168,0.14987123889840526,0.06526193941667373,0.04968082904815674,0.0988960862159729,0.13352453708648682,0.20209640264511106,0.3980938196182251
161,169,0.14880413523775787,0.06360553668243053,0.04968082904815674,0.10079777240753174,0.13145041465759275,0.20031094551086426,0.3980938196182251
162,170,0.14406966666380563,0.062398708568195134,0.04968082904815674,0.09668326377868652,0.12601825594902039,0.19302730262279505,0.3980938196182251
163,171,0.14256455704697177,0.060953465110122985,0.03158122301101685,0.09736678004264832,0.12610149383544922,0.18348586559295654,0.3980938196182251
164,172,0.14157828452095153,0.05974736576117695,0.03158122301101685,0.09871703386306764,0.12409251928329468,0.17581775784492493,0.3980938196182251
165,173,0.13726417031781427,0.05998044387920999,0.03158122301101685,0.09519952535629272,0.1200914978981018,0.1706792414188385,0.3980938196182251
166,174,0.13974442738358692,0.05993626532702075,0.03158122301101685,0.09694504737854004,0.1233741044998169,0.17300575971603396,0.3980938196182251
167,175,0.13988391174511475,0.0586729661771361,0.03158122301101685,0.09706994891166687,0.12622001767158508,0.17249256372451782,0.3980938196182251
168,177,0.08242630958557129,,0.08242630958557129,0.08242630958557129,0.08242630958557129,0.08242630958557129,0.08242630958557129
169,178,0.08891519904136658,0.012123094201815761,0.07126116752624513,0.08340531587600708,0.08762043714523315,0.09673979878425598,0.10520929098129272
170,179,0.09134074449539184,0.01269959137157302,0.07126116752624513,0.08340531587600708,0.09108433127403259,0.10041798651218413,0.11001867055892944
171,180,0.10371359757014684,0.023529136897734306,0.06476342678070067,0.08825948834419252,0.10113206505775449,0.12540262937545776,0.16327577829360962
172,181,0.10533612800969018,0.022913383481113766,0.06476342678070067,0.08890184760093688,0.10200136899948119,0.12465877830982207,0.16327577829360962
173,182,0.13885866511951794,0.07367835672043334,0.06476342678070067,0.09323248267173766,0.1099092960357666,0.145361065864563,0.3397361636161804
174,183,0.13413824102817437,0.07233693239204492,0.06476342678070067,0.08873559534549713,0.1065663993358612,0.1414138823747635,0.3397361636161804
175,184,0.13856247418067036,0.07245254744218954,0.055331945419311516,0.09118998050689697,0.1065663993358612,0.14916843175888062,0.3397361636161804
176,185,0.1384116846915574,0.06967037776785108,0.055331945419311516,0.09343653917312622,0.11279511451721193,0.14707720279693604,0.3778122067451477
177,186,0.0950449141589078,0.03244095466845904,0.041768133640289314,0.06475597620010376,0.09332460165023804,0.1213027834892273,0.1492478847503662
178,187,0.13639312917059596,0.07554785401858768,0.041768133640289314,0.08304014801979065,0.12257885932922365,0.15139925479888916,0.4052336215972901
179,188,0.1415761601357233,0.07557236944872606,0.041768133640289314,0.09295809268951416,0.12768340110778809,0.16611313819885254,0.4052336215972901
180,189,0.10912811756134033,0.047307267603293617,0.05450624227523804,0.09519174695014955,0.13587725162506106,0.13643905520439148,0.13700085878372192
181,190,0.11246240536371867,0.030622143517520566,0.05450624227523804,0.09805354475975037,0.12428998947143555,0.13643905520439148,0.1417941451072693
182,191,0.11283360492615473,0.029069575333528143,0.05450624227523804,0.09649860858917236,0.12428998947143555,0.13587725162506106,0.1525917649269104
183,192,0.11688636243343353,0.026635803248982803,0.05450624227523804,0.09926025569438934,0.12678778171539307,0.13615815341472629,0.1525917649269104
184,194,0.10128253698349,,0.10128253698349,0.10128253698349,0.10128253698349,0.10128253698349,0.10128253698349
185,195,0.1556833585103353,0.04833062755548178,0.10128253698349,0.1366918981075287,0.17210125923156738,0.18288376927375793,0.1936662793159485
186,196,0.12694185376167297,0.039878320647179964,0.08296424150466919,0.09968715906143187,0.10265100002288818,0.16273996233940125,0.1936662793159485
187,197,0.12062795162200927,0.036943966299277146,0.06698822975158691,0.09742748737335205,0.10401946306228638,0.14690634608268738,0.1936662793159485
188,198,0.16863755385080972,0.08397671572991443,0.06698822975158691,0.10043209791183473,0.139146089553833,0.27359169721603394,0.3023062348365784
189,199,0.14644646810160744,0.08045524126128956,0.057881593704223626,0.08622656762599945,0.10798761248588562,0.18322730064392087,0.3023062348365784
190,200,0.13793694539503618,0.07419538790882817,0.054996848106384284,0.0847373902797699,0.10748839378356934,0.17592445015907288,0.3023062348365784
191,201,0.12526701575233823,0.06872470453127175,0.040737271308898926,0.08268702030181885,0.10043209791183473,0.14164209365844727,0.3076726198196411
192,202,0.125732417930575,0.0661516041363101,0.040737271308898926,0.08388826251029968,0.10601150989532471,0.14171724021434784,0.3076726198196411
193,203,0.12332119023989117,0.05257905644107464,0.037320315837860114,0.09085336327552795,0.11133116483688354,0.13848605751991272,0.3076726198196411
194,204,0.12623162829094658,0.0552038122182454,0.030704140663146976,0.08887827396392822,0.1115727424621582,0.1463385820388794,0.3111491799354553
195,205,0.1336121201028629,0.06418025970987097,0.030704140663146976,0.09134018421173096,0.11554497480392455,0.15243512392044067,0.3668953776359558
196,206,0.13401760184645697,0.05690286710054879,0.02616095542907715,0.09600931406021118,0.12089729309082033,0.15688729286193848,0.3668953776359558
197,207,0.13742289309516365,0.06356597190551727,0.02616095542907715,0.09536297619342803,0.12101021409034729,0.16209255158901215,0.4204602837562561
198,208,0.13739349275434148,0.06306748714804826,0.02616095542907715,0.0955059230327606,0.12142360210418701,0.1617705523967743,0.4204602837562561
199,209,0.13852884614167094,0.06311896761599087,0.02616095542907715,0.09606978297233582,0.12270411849021913,0.16535240411758423,0.4204602837562561
200,210,0.13716484627291176,0.06119881800387491,0.02616095542907715,0.09635555744171144,0.12203449010849,0.16048163175582886,0.4204602837562561
201,211,0.13575086419566817,0.06091489466733506,0.02616095542907715,0.09552222490310668,0.12119567394256593,0.15861362218856812,0.4204602837562561
202,212,0.13627360903844696,0.06119260120755357,0.02616095542907715,0.09517523646354675,0.12175965309143065,0.16107988357543945,0.4204602837562561
203,213,0.13329868834172592,0.05979159479177317,0.02616095542907715,0.09356258809566499,0.11943817138671875,0.15624114871025085,0.4204602837562561
204,214,0.13064965602069153,0.058868806482271635,0.02616095542907715,0.09144495427608489,0.11720472574234009,0.15356501936912537,0.4204602837562561
205,215,0.13243122574047256,0.05823341509263292,0.02616095542907715,0.09328147768974304,0.12002646923065186,0.1568080186843872,0.4204602837562561
206,216,0.13314425935282087,0.05994717995220727,0.022150397300720208,0.09275788068771362,0.11970871686935425,0.15819180011749268,0.4204602837562561
207,217,0.13316869664256553,0.059425333266360056,0.022150397300720208,0.09272593259811401,0.11994844675064087,0.1595095992088318,0.4204602837562561
208,218,0.1351621142889587,0.058921395927653976,0.022150397300720208,0.09472167491912843,0.12239307165145875,0.16205257177352905,0.4204602837562561
209,219,0.13456479881576558,0.058331622341230425,0.01655477285385132,0.0946856588125229,0.12245911359786987,0.1612161099910736,0.4204602837562561
210,220,0.13502652116827282,0.0583932548730402,0.01655477285385132,0.09488596022129057,0.12286296486854553,0.16234445571899414,0.4204602837562561
211,221,0.1368278004901262,0.05950139117724917,0.01655477285385132,0.09539678692817688,0.12415099143981935,0.1657937467098236,0.4204602837562561
212,222,0.1380230047695968,0.0605645982153563,0.01655477285385132,0.0956474542617798,0.12477731704711915,0.16768419742584229,0.4268062710762024
213,223,0.13760069540272862,0.059901118035592116,0.01655477285385132,0.09580284357070923,0.12460839748382567,0.16688790917396545,0.4268062710762024
214,224,0.13812151486078092,0.059636434117495606,0.01655477285385132,0.0962681770324707,0.12550300359725952,0.1675620973110199,0.4268062710762024
215,225,0.13897704283346432,0.06015746839251749,0.01655477285385132,0.0965016335248947,0.12608224153518677,0.16911356151103973,0.4268062710762024
216,226,0.10131804716019403,0.02797988381513742,0.0679658055305481,0.08173799514770508,0.0955459475517273,0.10907655954360962,0.16178381443023682
217,227,0.10463987929480416,0.028209749538255755,0.0679658055305481,0.08265617489814758,0.09819859266281128,0.1207021474838257,0.16178381443023682
218,228,0.10780610475275251,0.02629021324300574,0.0679658055305481,0.08742010593414307,0.10790938138961792,0.12719489634037018,0.16178381443023682
219,229,0.11117159128189087,0.025716117913177256,0.0679658055305481,0.0915447473526001,0.11334991455078125,0.13024330139160156,0.16178381443023682
220,230,0.11608840227127075,0.02761459269162909,0.0679658055305481,0.0927836000919342,0.1148214340209961,0.13795244693756104,0.1741725206375122
221,232,0.12629642089207968,0.04846578716829215,0.07166194915771484,0.10738807916641235,0.14311420917510986,0.15361365675926208,0.1641131043434143
222,233,0.12244271238644917,0.04562478519545369,0.07166194915771484,0.08376935124397278,0.12048521637916565,0.1588633805513382,0.17883706092834473
223,234,0.16491479873657228,0.06741092369099982,0.07166194915771484,0.10917071998119354,0.17147508263587952,0.20480653643608093,0.2717317342758179
224,235,0.1721864172390529,0.05999514036149643,0.07166194915771484,0.13703610002994537,0.1641148030757904,0.1992968618869782,0.2986399531364441
225,236,0.144159503958442,0.061484768341846366,0.04745882749557495,0.09502139687538146,0.1391800045967102,0.17980413138866425,0.2986399531364441
226,237,0.13586406262366327,0.05885881804477455,0.04745882749557495,0.09029510617256165,0.12980562448501587,0.1663416028022766,0.2986399531364441
227,238,0.13728291988372804,0.05643533472623664,0.04745882749557495,0.0933634638786316,0.13484734296798706,0.16856670379638672,0.2986399531364441
228,239,0.1337564021348953,0.05564144214636246,0.04745882749557495,0.08989648520946503,0.12639516592025757,0.16394685208797458,0.2986399531364441
229,240,0.13104986662373824,0.05478616502484454,0.04745882749557495,0.08921360969543457,0.12219473719596863,0.15675123035907745,0.2986399531364441
230,241,0.12519557957063643,0.05413679260060673,0.04743742942810058,0.08010387420654297,0.1141785979270935,0.1510435938835144,0.2986399531364441
231,242,0.124868412080564,0.0539610639583507,0.04743742942810058,0.08024562895298004,0.11351701617240906,0.1504010260105133,0.2986399531364441
232,243,0.12331181991667975,0.05235726990217486,0.04743742942810058,0.08054634928703308,0.11140772700309753,0.14839737117290497,0.2986399531364441
233,244,0.12037638147829079,0.05105995400707086,0.04743742942810058,0.08053845167160034,0.10766786336898804,0.14591246843338013,0.2986399531364441
234,245,0.12196055710315705,0.051124816658771804,0.04743742942810058,0.08063691854476927,0.11022663116455078,0.14890851080417633,0.2986399531364441
235,246,0.13068726980496967,0.05052220834947301,0.045171260833740234,0.09220682084560394,0.1211221218109131,0.1603601574897766,0.3203681707382202
236,247,0.13170246943286884,0.049389017434773086,0.04306471347808838,0.09356683492660522,0.12544560432434082,0.16175881028175354,0.3203681707382202
237,248,0.13116778827116807,0.04892951772028584,0.04306471347808838,0.09347778558731078,0.12448260188102722,0.1607603281736374,0.3203681707382202
238,249,0.1300052295560422,0.04870618212230545,0.04306471347808838,0.09231656789779664,0.12303906679153442,0.15931174159049988,0.3203681707382202
239,250,0.12839823210915774,0.04858890406744035,0.03947436809539795,0.09098845720291139,0.12122207880020143,0.15625277161598206,0.3203681707382202
240,251,0.12718589588695642,0.048719313669642925,0.03947436809539795,0.08921651542186737,0.11983615159988403,0.15544560551643372,0.3203681707382202
241,252,0.125486402090858,0.048338169571782545,0.03947436809539795,0.08817723393440247,0.11810654401779175,0.15351900458335876,0.3203681707382202
242,253,0.1276524448107091,0.049022751986190084,0.03947436809539795,0.08917488157749177,0.12050989270210266,0.15682446956634521,0.3203681707382202
243,254,0.13107531998949923,0.05153284004234718,0.03947436809539795,0.09049327671527864,0.123822420835495,0.16411565244197845,0.3667798638343811
244,256,0.08118414878845215,,0.08118414878845215,0.08118414878845215,0.08118414878845215,0.08118414878845215,0.08118414878845215
245,257,0.09116246302922566,0.010053292927408284,0.08118414878845215,0.08609914779663086,0.09101414680480956,0.09615162014961241,0.10128909349441527
246,258,0.07548471291859944,0.020311222634276475,0.044396042823791504,0.06558902561664581,0.07627168297767639,0.0885566473007202,0.10128909349441527
247,259,0.08891171216964722,0.026667831361609957,0.044396042823791504,0.07325229048728941,0.08609914779663086,0.10367125272750854,0.1335809826850891
248,260,0.09426203568776449,0.024728918714410388,0.044396042823791504,0.07931816577911377,0.0988420844078064,0.10941767692565918,0.1335809826850891
249,261,0.09440639813741049,0.02502922760527367,0.044396042823791504,0.0791124701499939,0.09101414680480956,0.105019211769104,0.15271097421646118
250,262,0.09123756343668157,0.025427421602447497,0.03980326652526856,0.07858863472938538,0.08783847093582152,0.10437577962875366,0.15271097421646118
251,263,0.10553956202098301,0.03270659497416949,0.03980326652526856,0.08118414878845215,0.10271847248077393,0.1219502091407776,0.19747620820999146
252,264,0.10334595988194148,0.03247683692230122,0.03980326652526856,0.07965484261512756,0.09952360391616821,0.11882933974266051,0.19747620820999146
253,265,0.10706871123540969,0.03415665390470592,0.03980326652526856,0.08188876509666443,0.10422876477241515,0.1252272129058838,0.21374821662902832
254,266,0.1135910295304798,0.03883065061441882,0.03980326652526856,0.0838320255279541,0.10599488019943236,0.13902899622917175,0.21374821662902832
255,267,0.11312269905339116,0.0386587250663453,0.03980326652526856,0.08355236053466797,0.10599488019943236,0.13823193311691284,0.21374821662902832
256,268,0.11558365389920663,0.03876639846160126,0.03980326652526856,0.08486247062683105,0.10978028178215025,0.14326617121696472,0.21374821662902832
257,269,0.12234165246670063,0.042815982083311444,0.03980326652526856,0.08970504999160768,0.11437004804611205,0.14901632070541382,0.2444242238998413
258,270,0.1259154711353813,0.04364301936489223,0.03980326652526856,0.09213793277740479,0.11922013759613034,0.1550883650779724,0.2444242238998413
259,271,0.1267705179299369,0.04261750627805714,0.03980326652526856,0.0936792641878128,0.12300238013267517,0.15571053326129913,0.2444242238998413
260,272,0.14290935927321355,0.07717268876690773,0.03980326652526856,0.0946829319000244,0.12720841169357305,0.1648082137107849,0.491327166557312
261,273,0.14537350399358137,0.07497140525078642,0.03980326652526856,0.09902884066104889,0.1308542788028717,0.16966374218463898,0.491327166557312
262,274,0.14484685731802874,0.0737236771119549,0.03980326652526856,0.09945672750473022,0.13123142719268802,0.16890305280685425,0.491327166557312
263,275,0.14278578351183635,0.07280119288823424,0.037130117416381836,0.09892401099205018,0.12838757038116455,0.16617530584335327,0.491327166557312
264,276,0.14235930202543273,0.07158305893634476,0.037130117416381836,0.09924322366714478,0.12931370735168454,0.16574841737747192,0.491327166557312
265,277,0.1456283257344541,0.06967727264548249,0.037130117416381836,0.10242141783237459,0.13357967138290405,0.17009221017360687,0.491327166557312
266,278,0.14758883043161042,0.06948572202328787,0.037130117416381836,0.10376334190368652,0.1353691816329956,0.17522668838500974,0.491327166557312
267,279,0.0689014196395874,,0.0689014196395874,0.0689014196395874,0.0689014196395874,0.0689014196395874,0.0689014196395874
268,280,0.21130855878194174,0.07174914918041886,0.0689014196395874,0.15696561336517334,0.2043764591217041,0.2735682725906372,0.3134087920188904
269,281,0.19960701252732957,0.0745034198653887,0.0689014196395874,0.1365571320056915,0.19064775109291077,0.2693776339292526,0.3134087920188904
270,282,0.161249092793817,0.06493287361893939,0.049610137939453125,0.11180384457111357,0.14392319321632385,0.19025349617004395,0.3588190078735352
271,283,0.17220200999029753,0.07533119445218006,0.049610137939453125,0.11517360806465149,0.14785659313201904,0.22055906057357788,0.3883404731750488
272,284,0.1688466581606096,0.07481742528115623,0.049610137939453125,0.11103715002536775,0.14468109607696533,0.21275623142719272,0.3883404731750488
273,285,0.16761801075754743,0.07419530990617108,0.049610137939453125,0.11157290637493132,0.14307895302772522,0.20737387239933017,0.3883404731750488
274,286,0.16634911150005838,0.07349652473831428,0.049610137939453125,0.1112205982208252,0.14095556735992432,0.2024887204170227,0.3883404731750488
275,287,0.16819930443396935,0.07545073215621467,0.049610137939453125,0.11134518682956694,0.14388275146484375,0.21592944860458374,0.4321208596229553
276,288,0.1660953758693323,0.07519485078941766,0.049610137939453125,0.10931776463985445,0.14077219367027283,0.2079649269580841,0.4321208596229553
277,289,0.16135462660720382,0.0731438326166381,0.049610137939453125,0.10780826210975646,0.13784998655319214,0.19035863876342773,0.4321208596229553
278,290,0.1590169205807463,0.07010181528231417,0.04959756135940552,0.10857877135276794,0.13836687803268433,0.1852053701877594,0.4321208596229553
279,292,0.12234258651733396,,0.12234258651733396,0.12234258651733396,0.12234258651733396,0.12234258651733396,0.12234258651733396
280,293,0.11518607536951699,0.01893218979143448,0.09371882677078247,0.10803070664405821,0.12234258651733396,0.12591969966888425,0.12949681282043454
281,294,0.10198211669921875,0.02196489127450735,0.07330131530761719,0.08678500354290009,0.1011391282081604,0.11889679729938504,0.12949681282043454
282,295,0.11540989875793457,0.028106378559012084,0.07330131530761719,0.09742897748947144,0.1134340763092041,0.1277082562446594,0.15996819734573364
283,297,0.10662758350372313,,0.10662758350372313,0.10662758350372313,0.10662758350372313,0.10662758350372313,0.10662758350372313
284,298,0.15134398142496744,0.052296751863106374,0.10662758350372313,0.12259158492088318,0.1385555863380432,0.1737021803855896,0.208848774433136
285,299,0.1424631873766581,0.04844429368354331,0.0809362530708313,0.11280187964439391,0.13494017720222473,0.17600351572036743,0.208848774433136
286,300,0.12175504763921102,0.01828950698058761,0.08518654108047485,0.11244222521781921,0.123637855052948,0.13659846782684326,0.1457483172416687
287,301,0.1287978951420103,0.024510035745503894,0.08518654108047485,0.11194516718387604,0.1245814859867096,0.14113236963748935,0.18982762098312372
288,302,0.1237531238132053,0.025377089191384906,0.0740240216255188,0.10671958327293396,0.12092575430870056,0.1393006145954132,0.18982762098312372
289,303,0.14181538536435082,0.05536397862078069,0.04915422201156616,0.1018510013818741,0.1318778097629547,0.166757270693779,0.3040098547935486
290,304,0.14111782086225366,0.05434514234786672,0.04915422201156616,0.1015688180923462,0.13029253482818606,0.16597598791122434,0.3040098547935486
291,305,0.141571943091337,0.05556177393738239,0.04915422201156616,0.09996548295021056,0.13014701008796692,0.166757270693779,0.3040098547935486
292,306,0.1405944502706011,0.055272239685389656,0.04915422201156616,0.09973788261413573,0.12992388010025024,0.16349653899669647,0.3144116997718811
293,307,0.13810734197657595,0.055018695505296894,0.04915422201156616,0.09770387411117554,0.12691444158554074,0.15996646881103516,0.3144116997718811
294,308,0.1347810338525211,0.053293326980707385,0.04635310173034668,0.09625041484832764,0.1246422529220581,0.1578831970691681,0.3144116997718811
295,309,0.13534646143426407,0.05429833743475921,0.03819328546524048,0.096049427986145,0.12515172362327576,0.15897510945796967,0.36206483840942383
296,310,0.13855492943281086,0.05486416988429789,0.03819328546524048,0.09830358624458312,0.12759900093078613,0.16557660698890686,0.3805195689201355
297,311,0.13807908495267232,0.053840059055418936,0.03819328546524048,0.09896193444728851,0.12768405675888062,0.16294726729393008,0.3805195689201355
298,312,0.13899735724868406,0.0533491144421929,0.03819328546524048,0.09966722130775452,0.12899404764175415,0.16381677985191345,0.3805195689201355
299,313,0.13802705657248404,0.05509025629476265,0.03819328546524048,0.0976209044456482,0.12725359201431274,0.16527357697486877,0.3805195689201355
300,314,0.13925447796183504,0.05493658276755273,0.03819328546524048,0.09803050756454469,0.1287577748298645,0.16772304475307465,0.3805195689201355
301,315,0.14667779135589415,0.06121095716267129,0.03819328546524048,0.10142771899700165,0.13421916961669922,0.17640645802021027,0.4198713898658752
302,316,0.14813991955348424,0.05925791302374325,0.03819328546524048,0.10462841391563416,0.13605958223342896,0.1789478361606598,0.4198713898658752
303,317,0.14933193504643374,0.05870987554004747,0.03819328546524048,0.10625007748603821,0.13748767971992493,0.18115665018558502,0.4198713898658752
304,318,0.14747960860660758,0.05791203503675688,0.03563922643661499,0.10550963878631593,0.1353393793106079,0.17819702625274658,0.4198713898658752
305,319,0.14706083217929133,0.057053117305983087,0.03563922643661499,0.10631190240383148,0.13498786091804504,0.1767175644636154,0.4198713898658752
306,320,0.1476556697687307,0.05611977108124135,0.03563922643661499,0.1072174906730652,0.1361703872680664,0.17751646041870114,0.4198713898658752
307,321,0.14699986996933279,0.05621990496231092,0.03563922643661499,0.10665053129196166,0.1357191801071167,0.1768265962600708,0.4198713898658752
308,322,0.18635138273239135,0.0547145263734917,0.11704903841018675,0.14798620343208313,0.17539364099502563,0.22333951294422152,0.2935425043106079
309,323,0.17659807205200195,,0.17659807205200195,0.17659807205200195,0.17659807205200195,0.17659807205200195,0.17659807205200195
310,324,0.1603076457977295,0.016395031359218708,0.143809974193573,0.15216243267059326,0.16051489114761353,0.16855648159980774,0.17659807205200195
311,325,0.1512522598107656,0.02337676018893621,0.11704903841018675,0.13746677339076996,0.15216243267059326,0.17077063024044037,0.17659807205200195
312,327,0.13541239500045776,,0.13541239500045776,0.13541239500045776,0.13541239500045776,0.13541239500045776,0.13541239500045776
313,328,0.1404249370098114,0.05071804039036743,0.0735735297203064,0.12062783539295197,0.13754871487617493,0.1475992053747177,0.2279417514801025
314,329,0.12442457675933838,0.0493254757293664,0.06061863899230958,0.08425065875053406,0.12555602192878723,0.1475992053747177,0.2279417514801025
315,330,0.11327635447184245,0.04876346075681695,0.03790432214736938,0.07400888204574585,0.1156996488571167,0.1404343545436859,0.2279417514801025
316,331,0.10978819217000689,0.04138098561910147,0.03790432214736938,0.0758449137210846,0.10948395729064941,0.140059694647789,0.2279417514801025
317,332,0.15062130954530503,0.09129843018142038,0.03790432214736938,0.08001148700714111,0.11693549156188965,0.16249752044677734,0.3549625277519226
318,333,0.1501065996976999,0.08182074781837034,0.03790432214736938,0.09643886983394623,0.12256640195846558,0.1650858074426651,0.3667845129966736
319,334,0.15968149638437962,0.0807421018385632,0.03790432214736938,0.10471436381340027,0.13477009534835815,0.20108193159103394,0.3667845129966736
320,335,0.17317461456571306,0.0856242882558395,0.03790432214736938,0.1089862585067749,0.15074491500854492,0.2279417514801025,0.4456815123558045
321,336,0.17798117241438696,0.08501348778470855,0.03790432214736938,0.1114349067211151,0.1597629189491272,0.22880612313747403,0.4456815123558045
322,337,0.17805037778966568,0.08314339906184776,0.03790432214736938,0.11366993188858032,0.15950602293014526,0.22603243589401245,0.4456815123558045
323,338,0.17205351183288975,0.08079083668280644,0.03790432214736938,0.10995137691497803,0.15083560347557068,0.21198704838752747,0.4456815123558045
324,339,0.17788578669230143,0.07981004030435633,0.03790432214736938,0.1138918846845627,0.16526049375534058,0.22603453695774076,0.4456815123558045
325,340,0.1722826847323665,0.07885629549169805,0.03790432214736938,0.10966086387634277,0.15950602293014526,0.21856579184532166,0.4456815123558045
326,341,0.1724644104639689,0.07759491806020406,0.03790432214736938,0.1108776181936264,0.15764731168746948,0.21285007894039154,0.4456815123558045
327,342,0.16882283495318506,0.07566520225770428,0.03790432214736938,0.1099478006362915,0.15530550479888916,0.2102421522140503,0.4456815123558045
328,343,0.1784882270154499,0.07515316247094281,0.03790432214736938,0.11714960634708405,0.16838586330413818,0.22650735080242157,0.4456815123558045
329,344,0.2139711890901838,0.05075752161964493,0.09715992212295532,0.1913709640502929,0.2312918305397033,0.25583845376968384,0.27827340364456177
330,345,0.22597065355096543,0.051212290835707615,0.09715992212295532,0.20225557684898376,0.234998881816864,0.2632593512535096,0.3074303865432739
331,347,0.1865233778953552,,0.1865233778953552,0.1865233778953552,0.1865233778953552,0.1865233778953552,0.1865233778953552
332,348,0.19525863726933798,0.0423914943159272,0.15791523456573486,0.17221930623054504,0.1865233778953552,0.21393033862113953,0.24133729934692386
333,349,0.1866516868273417,0.05062102336212776,0.10241854190826416,0.16506727039813995,0.19625473022460938,0.2207937091588974,0.24133729934692386
334,350,0.14269396861394246,0.05807919886763424,0.051863312721252434,0.09668928384780884,0.12871670722961426,0.18375283479690552,0.24133729934692386
335,351,0.13182595514115833,0.058250496234497226,0.03831624984741211,0.09096002578735353,0.12458491325378418,0.1809822916984558,0.24133729934692386
336,352,0.13503412902355194,0.054818670118967426,0.03831624984741211,0.09879629313945772,0.12351664900779724,0.1820485144853592,0.24133729934692386
337,353,0.13977359135945638,0.052576857896384686,0.03831624984741211,0.1018502712249756,0.12871670722961426,0.1809822916984558,0.2527753710746765
338,354,0.14103369821201672,0.050885585802866985,0.03831624984741211,0.1052069365978241,0.12977617979049685,0.17742398381233215,0.2527753710746765
339,355,0.1278918621304271,0.051372645001566686,0.03831624984741211,0.08766189217567444,0.12060707807540895,0.1632814109325409,0.2527753710746765
340,356,0.13565078065508887,0.05328256446163486,0.03831624984741211,0.09277057647705078,0.12690943479537964,0.17963117361068726,0.2527753710746765
341,357,0.1331288382411003,0.051844367119350296,0.03831624984741211,0.09169729053974152,0.12356764078140259,0.17275220155715942,0.2527753710746765
342,358,0.13827069600423178,0.05014970189953033,0.03831624984741211,0.10092970728874207,0.13246020674705505,0.1788070797920227,0.2527753710746765
343,360,0.08843684196472168,,0.08843684196472168,0.08843684196472168,0.08843684196472168,0.08843684196472168,0.08843684196472168
344,361,0.10747037331263225,0.027616386857925224,0.08843684196472168,0.09163320064544678,0.09482955932617188,0.11698713898658751,0.13914471864700315
345,362,0.09459354480107625,0.030656209302410486,0.056571900844573975,0.07422350347042084,0.09163320064544678,0.11302678287029265,0.13914471864700315
346,363,0.09973854422569275,0.025584692273012858,0.056571900844573975,0.08930397033691406,0.09800752997398376,0.11597485840320586,0.13914471864700315
347,364,0.11011949820177895,0.03283861566366866,0.056571900844573975,0.09055440127849579,0.10173004865646362,0.13291096687316895,0.19099730253219604
348,365,0.10749867889616224,0.03163545879007246,0.056571900844573975,0.08668658137321472,0.10173004865646362,0.13071274757385254,0.19099730253219604
349,366,0.11218903594546847,0.03194750658007199,0.056571900844573975,0.09136879444122313,0.10662186145782472,0.1340939998626709,0.19099730253219604
350,367,0.11437311462866954,0.033871622320618855,0.056571900844573975,0.08914269506931305,0.11138170957565308,0.13891631364822385,0.19099730253219604
351,368,0.12197050083251226,0.03869242672788296,0.056571900844573975,0.0919053554534912,0.11612051725387572,0.14687001705169678,0.2340039014816284
352,369,0.13337209969758987,0.048455465437644125,0.056571900844573975,0.09496679902076721,0.12698575854301453,0.16170161962509155,0.2649396061897278
353,370,0.12950251733555512,0.048079810160083065,0.056571900844573975,0.09134165942668913,0.11816403269767761,0.15698556602001187,0.2649396061897278
354,371,0.12842764846639695,0.04692860821868089,0.056571900844573975,0.09136879444122313,0.11796915531158447,0.1535482406616211,0.2649396061897278
355,372,0.13232658630923222,0.04591651046569119,0.056571900844573975,0.09473930299282074,0.12974441051483154,0.1597563475370407,0.2649396061897278
356,373,0.13111709631406343,0.04394046250712146,0.056571900844573975,0.0965578556060791,0.12524837255477905,0.15589743852615354,0.2834705710411072
357,374,0.13008840912767286,0.04366434672386668,0.056571900844573975,0.09546485543251036,0.1236913800239563,0.15570062398910522,0.2834705710411072
358,375,0.13048320283334722,0.04271098675436547,0.056571900844573975,0.09722344577312471,0.12451791763305664,0.155508890748024,0.2834705710411072
359,376,0.14395582275989252,0.05535828149775035,0.056571900844573975,0.10412628948688507,0.13316068053245544,0.16815383732318878,0.3517715334892273
360,377,0.1438990917741036,0.05427529781467865,0.056571900844573975,0.10571861267089845,0.13316068053245544,0.16799457371234897,0.3517715334892273
361,379,0.13020211458206174,,0.13020211458206174,0.13020211458206174,0.13020211458206174,0.13020211458206174,0.13020211458206174
362,380,0.1355713407198588,0.029972647477514252,0.08254164457321167,0.1308827847242355,0.13697674870491028,0.15337549149990082,0.16923969984054565
363,381,0.15203790929582384,0.039568350119752724,0.08254164457321167,0.1255183219909668,0.14984053373336792,0.17695075273513794,0.2660490274429321
364,382,0.16515158252282577,0.04808956739897508,0.08254164457321167,0.13366070389747622,0.15661785006523132,0.19251056015491486,0.2957340478897095
365,383,0.1460639049864223,0.05122156640455165,0.05116492509841919,0.10673469305038452,0.14339596033096313,0.17757487297058105,0.2957340478897095
366,384,0.14378172480143034,0.05145918103544929,0.05116492509841919,0.10085645318031312,0.14181166887283325,0.1771501749753952,0.2957340478897095
367,386,0.2043970227241516,,0.2043970227241516,0.2043970227241516,0.2043970227241516,0.2043970227241516,0.2043970227241516
368,387,0.15087380806605022,0.08120626458554951,0.054263710975646966,0.06960862874984741,0.15201646089553833,0.20737183094024658,0.2739489674568176
369,388,0.18141538543360575,0.09670295963194213,0.054263710975646966,0.08077669143676758,0.18142643570899963,0.26639115810394287,0.3568832278251648
370,389,0.16140927189872378,0.0779633881142163,0.054263710975646966,0.09937280416488647,0.14183753728866574,0.21034663915634155,0.3568832278251648
371,390,0.16715157738787384,0.06900982664400304,0.05130434036254883,0.11067265272140504,0.16060566902160645,0.21453887224197388,0.3568832278251648
372,391,0.16819246491136033,0.06447383863319264,0.05130434036254883,0.11714085936546326,0.1628025770187378,0.2084374725818634,0.3568832278251648
373,392,0.16182743836474675,0.063711180361155,0.047403812408447266,0.11176949739456177,0.1538083553314209,0.19909125566482544,0.3568832278251648
374,393,0.15977401286363602,0.06400685935774178,0.047403812408447266,0.10960733890533447,0.15201148390769958,0.19749256968498233,0.3568832278251648
375,394,0.15593332105354404,0.06497317163240453,0.0452311635017395,0.10495156049728394,0.14975488185882568,0.1951885223388672,0.3568832278251648
376,395,0.1553896949404762,0.06482030551515021,0.038533389568328864,0.10379955172538757,0.15026915073394775,0.19553014636039734,0.3568832278251648
377,396,0.15443609730975405,0.06522498755543488,0.038533389568328864,0.10129983723163603,0.14969876408576965,0.19490937888622284,0.3568832278251648
378,397,0.15937578387376738,0.06855912244557792,0.03166729211807251,0.10494427382946014,0.1521727740764618,0.20155538618564606,0.3568832278251648
379,398,0.1566344810568768,0.06671059423411516,0.03166729211807251,0.10476258397102356,0.15144574642181394,0.1969538331031799,0.3568832278251648
380,399,0.15592450668819907,0.06428378263623943,0.03166729211807251,0.1068958342075348,0.15048810839653015,0.1914781928062439,0.3568832278251648
381,400,0.1534398907147183,0.05940335642414394,0.03166729211807251,0.10934090614318848,0.14589643478393555,0.18616467714309687,0.3568832278251648
382,401,0.15035520527595864,0.058141682929890255,0.03166729211807251,0.10742898285388947,0.14132490754127502,0.18251448869705195,0.3568832278251648
383,402,0.15075176249652397,0.05782053187738096,0.03166729211807251,0.10820424556732178,0.14213424921035767,0.18278032541275024,0.3568832278251648
384,403,0.15022891351674447,0.057707229018230485,0.03166729211807251,0.1076563596725464,0.14163243770599365,0.1823049783706665,0.3568832278251648
385,404,0.15113705779555478,0.05764526243563641,0.03166729211807251,0.10856838524341583,0.14346730709075928,0.18279734253883365,0.3577672839164734
386,405,0.150506510841527,0.05732952003051017,0.03166729211807251,0.10816222429275513,0.14240163564682007,0.18228763341903687,0.3577672839164734
387,406,0.15021857260221458,0.057158807753086856,0.03166729211807251,0.10818323493003845,0.14256387948989868,0.18156296014785767,0.3577672839164734
388,407,0.14945254132193345,0.05731032351635814,0.03166729211807251,0.1072959303855896,0.14172407984733582,0.1813746839761734,0.3577672839164734
389,408,0.15249535074031245,0.05666161474999851,0.03166729211807251,0.11050237715244293,0.14672723412513733,0.18461298942565918,0.3577672839164734
390,409,0.15266429895315617,0.05727045146840213,0.03166729211807251,0.10984432697296144,0.14669346809387207,0.1855010986328125,0.3577672839164734
391,410,0.15071861544156515,0.057063953562630415,0.03166729211807251,0.10799455642700197,0.14455050230026245,0.1837788224220276,0.3577672839164734
392,411,0.15093284461971368,0.056927966163517425,0.03166729211807251,0.10839226841926575,0.14476513862609866,0.18350008130073547,0.3577672839164734
393,413,0.2546176314353943,,0.2546176314353943,0.2546176314353943,0.2546176314353943,0.2546176314353943,0.2546176314353943
394,414,0.22693059841791788,0.11476304243937617,0.10085684061050416,0.17773723602294922,0.2546176314353943,0.28996747732162476,0.3253173232078552
395,415,0.190696249405543,0.10667243143190891,0.0813523530960083,0.10199378430843355,0.18001112341880798,0.2711259573698044,0.3253173232078552
396,416,0.17110233902931213,0.10403364783705508,0.07205349206924437,0.09432649612426756,0.10313072800636292,0.2711259573698044,0.3253173232078552
397,417,0.15142354965209961,0.10112430816212353,0.05229884386062622,0.08142778277397156,0.1002802848815918,0.2646518349647522,0.3253173232078552
398,418,0.13993187177748906,0.1005816416967996,0.04186141490936279,0.07205349206924437,0.0929018259048462,0.2546176314353943,0.3253173232078552
399,419,0.156293456753095,0.09330094753762379,0.04186141490936279,0.0905679166316986,0.11965268850326538,0.20332133769989014,0.3996279835700989
400,420,0.13914437018907988,0.08151128528652676,0.03677111864089967,0.08361431956291199,0.10580480098724365,0.18647278845310208,0.3996279835700989
401,421,0.13526566015495048,0.07973796632728723,0.03677111864089967,0.08293884992599487,0.10085684061050416,0.1751430332660675,0.3996279835700989
402,422,0.12704060242726253,0.06466988574956868,0.03677111864089967,0.08436483144760132,0.1063457727432251,0.13905155658721924,0.3996279835700989
403,423,0.138894482365539,0.08090514856007486,0.03677111864089967,0.08474995195865631,0.110280841588974,0.16470423340797424,0.4041039347648621
404,424,0.13608195931971573,0.07799805733863159,0.03677111864089967,0.08489072322845459,0.109819233417511,0.1585211157798767,0.4041039347648621
405,425,0.13599683704324741,0.0740594014998366,0.03677111864089967,0.08633279800415039,0.1151648759841919,0.15625649690628052,0.4041039347648621
406,426,0.13724599130129894,0.07060744918949075,0.03677111864089967,0.08997803926467896,0.11913388967514038,0.15857967734336853,0.4041039347648621
407,427,0.13562704877923962,0.0705856960393564,0.03677111864089967,0.08782106637954712,0.11802664399147035,0.15774910151958466,0.4041039347648621
408,428,0.13150251275903155,0.06311658389280292,0.03677111864089967,0.09044533967971803,0.11679679155349733,0.1512538194656372,0.4041039347648621
409,429,0.12831960583035748,0.062364576363832656,0.03677111864089967,0.08867141604423523,0.11297434568405153,0.14721786975860596,0.4041039347648621
410,430,0.1285375786309079,0.0623347799298395,0.03184950351715088,0.08842013776302338,0.11182957887649538,0.1482636332511902,0.4041039347648621
411,431,0.13197261044676875,0.06441866521384454,0.03184950351715088,0.09007304906845093,0.11396509408950806,0.15187513828277588,0.4158118963241577
412,432,0.13139146344855732,0.06436186862819575,0.03184950351715088,0.08967635035514832,0.11361554265022279,0.15144027769565582,0.4158118963241577
413,433,0.13186773392531248,0.06373514355393109,0.03184950351715088,0.09013685584068298,0.11482465267181395,0.1531449556350708,0.4158118963241577
414,434,0.1307165406081232,0.06443290759769653,0.03184950351715088,0.08781236410140991,0.1128443479537964,0.1526837944984436,0.4158118963241577
415,435,0.12738222540094613,0.06323235310039617,0.03184950351715088,0.08472710847854614,0.11027145385742188,0.14909571409225464,0.4158118963241577
416,436,0.1258674346154755,0.06209168114637063,0.0251702070236206,0.08390197157859802,0.1094534993171692,0.14810729026794434,0.4158118963241577
417,437,0.12444702570550992,0.060796801725152,0.0,0.08350810408592224,0.10816249251365662,0.1463112831115723,0.4158118963241577
418,438,0.12682175838341148,0.06655497382664324,0.0,0.08335411548614502,0.10847949981689453,0.14715886116027832,0.4938547015190125
419,439,0.12964447535747706,0.06561525873164799,0.0,0.0861436128616333,0.11274692416191101,0.15146616101264954,0.4938547015190125
420,440,0.13067387147666581,0.06586421885756295,0.0,0.08662931621074677,0.11349448561668396,0.1533377766609192,0.4938547015190125
421,441,0.13320629886860244,0.06600013542433987,0.0,0.08825376629829407,0.11578214168548584,0.15880675613880155,0.4938547015190125
422,442,0.13443699315090307,0.06607208471243228,0.0,0.08921730518341064,0.1172606348991394,0.16174590587615967,0.4938547015190125
423,443,0.135934093372422,0.06634361606865771,0.0,0.08955508470535277,0.1187627911567688,0.166462242603302,0.4938547015190125
424,444,0.14005117370886047,0.07009431402329735,0.0,0.09066718816757202,0.1206151247024536,0.1725752353668213,0.4938547015190125
425,445,0.1434446435530589,0.0711033552263972,0.0,0.09185022115707396,0.12429851293563846,0.1792355179786682,0.4938547015190125
426,446,0.14314729902670276,0.0702666330323563,0.0,0.09257298707962036,0.12461459636688232,0.17792755365371704,0.4938547015190125
427,447,0.1438281500510708,0.06982770333377918,0.0,0.09295140206813812,0.12572935223579407,0.17951802909374237,0.4938547015190125
428,448,0.14842809833776155,0.07242074499003297,0.0,0.09461167454719542,0.1283831000328064,0.1884823441505432,0.4938547015190125
429,449,0.1490080937387332,0.07247885709713454,0.0,0.09494957327842712,0.12909150123596191,0.18985348939895633,0.4938547015190125
430,451,0.1064116358757019,,0.1064116358757019,0.1064116358757019,0.1064116358757019,0.1064116358757019,0.1064116358757019
431,452,0.10631038745244344,0.019668897309177032,0.08640265464782715,0.09168000519275665,0.10667648911476135,0.11029736697673798,0.1399211883544922
432,453,0.12881450057029725,0.03290552323896199,0.08640265464782715,0.10654406249523163,0.12566861510276794,0.15805575251579285,0.1711614727973938
433,454,0.11887743406825596,0.031162552426213293,0.05687576532363892,0.09758566319942474,0.1175512969493866,0.13767358660697937,0.18106871843338013
434,455,0.14391431331634522,0.05306105478975989,0.04420655965805054,0.10489788651466368,0.1293136477470398,0.18806269764900202,0.37467944622039795
435,456,0.15162619260641244,0.05943278853810796,0.04420655965805054,0.10643023252487183,0.13264799118041992,0.19687864184379578,0.37467944622039795
436,457,0.151374547499154,0.05957371667344539,0.039208769798278816,0.1054924726486206,0.13431379199028015,0.19650760293006897,0.37467944622039795
437,458,0.14328994305446893,0.057982209808292454,0.039208769798278816,0.10045555233955383,0.12327247858047484,0.18327215313911432,0.3880518078804016
438,459,0.14164190249350422,0.057580868932736035,0.039208769798278816,0.09971702098846437,0.1216769814491272,0.17943572998046875,0.3880518078804016
439,460,0.14004937443116033,0.05810432390315425,0.023121118545532227,0.09784889221191406,0.12043026089668274,0.17807075381278992,0.3880518078804016
440,461,0.13762806180772658,0.0566640160616218,0.023121118545532227,0.09762424230575563,0.11923646926879883,0.17084553837776184,0.3880518078804016
441,462,0.13495721669940206,0.05653522222645231,0.023121118545532227,0.09503677487373353,0.11749452352523805,0.16658657789230347,0.3880518078804016
442,463,0.1345966260011931,0.055921911181209275,0.023121118545532227,0.09547199308872223,0.11743718385696411,0.16433964669704437,0.3880518078804016
443,464,0.13538950943303826,0.055946214533145446,0.023121118545532227,0.09617984294891357,0.11778265237808228,0.1694473922252655,0.3880518078804016
444,465,0.138817873895863,0.05805406652784377,0.023121118545532227,0.0978330373764038,0.12015807628631593,0.17433631420135498,0.4191356301307678
445,466,0.1385239416363551,0.0576381061943499,0.023121118545532227,0.09789136052131653,0.11991095542907715,0.17269504070281982,0.4191356301307678
446,467,0.13540469180969966,0.05737428000133916,0.023121118545532227,0.09468042850494385,0.11751031875610353,0.16863885521888733,0.4191356301307678
447,468,0.13560430595812423,0.05709058277668319,0.023121118545532227,0.0951772928237915,0.1179724931716919,0.1671067476272583,0.4191356301307678
448,469,0.14131127613138753,0.06792125114366804,0.023121118545532227,0.0952890068292618,0.11888369917869568,0.17453868687152863,0.4716352224349976
449,470,0.14391173460544684,0.06636820247742786,0.023121118545532227,0.09859919548034668,0.124036967754364,0.1772671341896057,0.4716352224349976
450,471,0.14286309586559137,0.06549344828378044,0.023121118545532227,0.09835374355316162,0.12326925992965695,0.1746668815612793,0.4716352224349976
451,472,0.14541743347785696,0.06641567846348591,0.023121118545532227,0.09963777661323549,0.12497305870056151,0.18046879768371582,0.4716352224349976
452,473,0.14603518412293404,0.06634886478019074,0.023121118545532227,0.09979228675365448,0.12552276253700256,0.1828581541776657,0.4716352224349976
453,474,0.1446709329710829,0.06488803876869514,0.023121118545532227,0.09975647926330566,0.12552779912948608,0.17794060707092285,0.4716352224349976
454,475,0.14716909652132182,0.06366437283881951,0.023121118545532227,0.1010296642780304,0.12976539134979248,0.1841228157281875,0.4716352224349976
455,476,0.14879825747540038,0.06441455299129735,0.023121118545532227,0.10141485929489136,0.13116294145584104,0.18775907158851618,0.4716352224349976
456,477,0.14750360523921618,0.06305925451981732,0.023121118545532227,0.10148374736309052,0.13059157133102417,0.18401338160038,0.4716352224349976
457,478,0.14955000198155105,0.06488078760327261,0.023121118545532227,0.10160443186759949,0.13149040937423706,0.18884098529815674,0.4716352224349976
458,479,0.15636157442217585,0.07391968202782953,0.023121118545532227,0.10342276096343997,0.1356007158756256,0.19454149901866913,0.5298027992248535
459,481,0.08244174718856813,,0.08244174718856813,0.08244174718856813,0.08244174718856813,0.08244174718856813,0.08244174718856813
460,482,0.08659861485163371,0.015869505854601108,0.06860780715942383,0.07292687892913818,0.08809846639633179,0.09568338096141814,0.1087055802345276
461,483,0.12873504757881166,0.056536882955012135,0.06860780715942383,0.08527010679244997,0.10251584649085999,0.1871483623981476,0.2052865028381348
462,484,0.13716944058736166,0.05296502780093328,0.06860780715942383,0.09504064917564392,0.11099225282669067,0.19066876173019412,0.2117853164672852
463,485,0.12794986225309826,0.05414912234828039,0.06645715236663817,0.07850098609924316,0.10875606536865234,0.18758279085159305,0.2117853164672852
464,486,0.1473856982257631,0.0623989014810216,0.06645715236663817,0.09532861411571501,0.14447230100631714,0.19566312432289126,0.2899879813194275
465,487,0.1529516127374437,0.06017655752565661,0.06645715236663817,0.10434961318969728,0.15086668729782104,0.1937547326087952,0.2899879813194275
466,488,0.15049875216050582,0.059109502621638124,0.06645715236663817,0.10303470492362976,0.14450562000274658,0.1932649910449982,0.2899879813194275
467,489,0.1422139767444495,0.06063583903766518,0.04112714529037476,0.09427966177463531,0.1393773853778839,0.18742895126342776,0.2899879813194275
468,490,0.1405627917457413,0.0574306032928318,0.04112714529037476,0.09426659345626831,0.13807791471481326,0.18580418825149536,0.2899879813194275
469,491,0.1390096346537272,0.057192751824604246,0.04112714529037476,0.09285438060760498,0.12434345483779907,0.18413221836090088,0.2899879813194275
470,492,0.13549783212297103,0.053564201814378876,0.04112714529037476,0.09352998435497284,0.12171995639801025,0.17221637070178986,0.2899879813194275
471,493,0.14654962221781412,0.05797585029874422,0.04112714529037476,0.10303470492362976,0.14042866230010986,0.18575915694236753,0.3709132671356201
472,494,0.1458333652952443,0.056575896290905925,0.04112714529037476,0.10499191284179688,0.13848274946212769,0.18413221836090088,0.3709132671356201
473,495,0.14175412746576163,0.05596714745523146,0.04112714529037476,0.09887832403182983,0.13541388511657715,0.1746814250946045,0.3709132671356201
474,496,0.14459206632548763,0.06677788163824801,0.04112714529037476,0.09474018216133118,0.12810790538787842,0.1746983677148819,0.3709132671356201
475,497,0.14058956827921876,0.06582629719423598,0.04112714529037476,0.09172099828720093,0.12474679946899415,0.16974806785583496,0.3709132671356201
476,498,0.14282090953279733,0.06064635419324809,0.04112714529037476,0.0998021364212036,0.12921881675720215,0.16887688636779785,0.3709132671356201
477,499,0.13501769659065066,0.05946805719666248,0.039504408836364746,0.09371542930603029,0.1230388879776001,0.15873947739601135,0.3709132671356201
478,500,0.12278973392293423,0.05399165806733723,0.030288279056549083,0.08557799458503723,0.11279913783073425,0.14502663910388947,0.3709132671356201
479,501,0.12741274736842523,0.0586224487297678,0.030288279056549083,0.08675403892993927,0.11489340662956235,0.150844007730484,0.38057029247283936
480,502,0.12851648177856054,0.05725744405265354,0.030288279056549083,0.08889788389205933,0.11705666780471805,0.1531583070755005,0.38057029247283936
481,503,0.1278718127708624,0.05547342711476642,0.030288279056549083,0.08943426609039307,0.11705347895622255,0.15218517184257507,0.38057029247283936
482,504,0.13459738795199466,0.06262609641866497,0.030288279056549083,0.0901619791984558,0.12093806266784668,0.16318583488464355,0.4194203019142151
483,505,0.13459350547336396,0.06129105896183628,0.030288279056549083,0.09089583158493042,0.12201380729675293,0.16319215297698975,0.4194203019142151
484,506,0.1420645699659163,0.07174116953658238,0.030288279056549083,0.09212687611579895,0.12461763620376587,0.17141768336296082,0.55275559425354
485,507,0.14348447596108901,0.0714837362866158,0.030288279056549083,0.09366112947463988,0.12624594569206238,0.17333970963954926,0.55275559425354
486,508,0.1445402152350812,0.0701435704597653,0.030288279056549083,0.09515586495399475,0.12778407335281372,0.17655408382415771,0.55275559425354
487,509,0.14260588117074455,0.06877636489109028,0.030288279056549083,0.09438514709472656,0.12609845399856567,0.17315858602523804,0.55275559425354
488,510,0.1415890452564252,0.06819882369580282,0.030288279056549083,0.09368133544921876,0.1253872513771057,0.17182761430740354,0.55275559425354
489,511,0.14050304767768773,0.06778897502961773,0.02575874328613281,0.09314286708831788,0.12430208921432495,0.17040656507015228,0.55275559425354
490,512,0.13710285691843596,0.06711102991604877,0.0,0.09040112793445587,0.12092143297195433,0.16588328778743744,0.55275559425354
491,513,0.13553904066457304,0.06594817189517983,0.0,0.08976423740386963,0.12022191286087035,0.16333618760108948,0.55275559425354
492,514,0.1359596592743438,0.06696159636642654,0.0,0.08932149410247803,0.11972904205322266,0.16387993097305298,0.55275559425354
493,515,0.1334181036457183,0.06567767369948908,0.0,0.08800381422042848,0.11708682775497437,0.15942999720573425,0.55275559425354
494,516,0.13487952951762505,0.0660840773038294,0.0,0.08873331546783447,0.1187872588634491,0.1618032306432724,0.55275559425354
495,517,0.13466359320234725,0.06546700252585554,0.0,0.08901208639144897,0.11885839700698853,0.1612141728401184,0.55275559425354
496,518,0.133493408799831,0.06487914738013273,0.0,0.08844636380672455,0.1176232397556305,0.15933801233768463,0.55275559425354
497,519,0.13290907018047307,0.06426093563533664,0.0,0.08824627101421356,0.11731457710266113,0.15908853709697723,0.55275559425354
498,520,0.13182487825098438,0.0639242747354066,0.0,0.08746577799320221,0.11615705490112305,0.15766559541225433,0.55275559425354
499,521,0.13226864205011987,0.06387015151812983,0.0,0.0876612514257431,0.11649668216705322,0.15889872610569,0.55275559425354
500,522,0.13253139773147768,0.06343941677075444,0.0,0.08808006346225739,0.11702877283096313,0.15990881621837616,0.55275559425354
501,523,0.13234596104835564,0.06320166057718835,0.0,0.087983638048172,0.11699977517127993,0.1598052680492401,0.55275559425354
502,525,0.13407908148235745,0.03231125120121092,0.06750428676605225,0.11449605226516725,0.1325552463531494,0.15112817287445068,0.20888996124267573
503,526,0.1291451389139349,0.032582556080795834,0.06750428676605225,0.10643970966339111,0.13072389364242554,0.14708778262138367,0.20888996124267573
504,527,0.1278547698801214,0.03210915139860719,0.06750428676605225,0.1007988601922989,0.1305457353591919,0.14416810870170593,0.20888996124267573
505,528,0.123687560741718,0.03263826479463804,0.051867425441741936,0.09687675535678862,0.1275317370891571,0.1420135647058487,0.20888996124267573
506,529,0.1177107090041751,0.03221379884083266,0.051867425441741936,0.09206259250640868,0.11751389503479005,0.1362673044204712,0.20888996124267573
507,530,0.11646055435043534,0.03069129656150075,0.051867425441741936,0.09206259250640868,0.11538946628570555,0.1362673044204712,0.20888996124267573
508,531,0.12826496981955193,0.03469247859675613,0.051867425441741936,0.10063263773918152,0.1276370882987976,0.15148216485977173,0.2284755706787109
509,532,0.15944099728877728,0.09972608947811631,0.051867425441741936,0.10222262144088744,0.13259893655776978,0.16784703731536865,0.5335008502006531
510,533,0.14180469526140924,0.08514431560792153,0.048600733280181885,0.0945776104927063,0.11991351842880248,0.15534287691116333,0.5365562438964844
511,534,0.14347206766342188,0.08029888012688885,0.04467952251434326,0.09503108263015747,0.12454703450202942,0.16269110143184662,0.5365562438964844
512,535,0.14333585562737725,0.07941345905282114,0.04467952251434326,0.09477579593658447,0.12593090534210205,0.16330736875534058,0.5365562438964844
513,536,0.14103009593346397,0.07663544663863402,0.04467952251434326,0.09569257497787476,0.12351208925247192,0.1593279242515564,0.5365562438964844
514,537,0.1389487255267214,0.07379725691295974,0.0,0.09460264444351196,0.12209874391555785,0.15892374515533447,0.5365562438964844
515,538,0.13796325234320242,0.07379196169080687,0.0,0.09311576187610626,0.12098976969718933,0.15833204984664917,0.5365562438964844
516,539,0.13800634814587903,0.07319047641579014,0.0,0.09428198635578154,0.12164333462715149,0.15805187821388245,0.5365562438964844
517,540,0.13715283557778155,0.07311813484303278,0.0,0.09306317567825316,0.12084251642227173,0.15725570917129514,0.5365562438964844
518,541,0.13632626405933448,0.07239001300511931,0.0,0.09265263378620146,0.12056079506874084,0.15610766410827637,0.5365562438964844
519,542,0.13415873544635595,0.07097813039407978,0.0,0.09135136008262634,0.11878204345703125,0.15298983454704282,0.5365562438964844
520,543,0.13501096006368055,0.06929309480629954,0.0,0.09445920586585997,0.12085685133934021,0.15353159606456754,0.5365562438964844
521,544,0.13477893274491232,0.06759261084256318,0.0,0.09540006518363953,0.12133479118347168,0.1532716155052185,0.5365562438964844
522,545,0.13433925617384784,0.06734848457593928,0.0,0.0950852334499359,0.1208835244178772,0.152725949883461,0.5365562438964844
523,546,0.1338749404385553,0.06689055891202729,0.0,0.09483987092971802,0.12049579620361328,0.1522655189037323,0.5365562438964844
524,547,0.13282029149586597,0.06641094658870839,0.0,0.09410879015922546,0.11964824795722961,0.1514205038547516,0.5424255132675171
525,548,0.1335749879748445,0.06593805494624036,0.0,0.09459304809570312,0.11986392736434935,0.15252390503883362,0.5424255132675171
526,549,0.13729856537184745,0.07174450400571887,0.0,0.09531109035015105,0.12014231085777283,0.15487317740917206,0.5424255132675171
527,550,0.13638871850096526,0.07159596108136584,0.0,0.09443992376327516,0.11930471658706665,0.1541038155555725,0.5542681217193604
528,551,0.1367566335414137,0.07127712551262812,0.0,0.09488670527935028,0.12004420161247253,0.154924601316452,0.5542681217193604
529,552,0.1361939468575901,0.07069171250164312,0.0,0.0948147177696228,0.11965292692184447,0.1538987159729004,0.5542681217193604
530,553,0.1383686116272585,0.07034866711949864,0.0,0.09622731804847717,0.1221165657043457,0.15871039032936096,0.5542681217193604
531,554,0.1490497301611316,0.07860793765963213,0.0,0.09906429052352907,0.1272468864917755,0.17127512395381927,0.5542681217193604
532,555,0.15561846278488023,0.08452239320960031,0.0,0.10008728504180908,0.13076967000961304,0.1828920841217041,0.564809113740921
533,556,0.157084303572149,0.08540485357239286,0.0,0.10037483274936677,0.13174420595169067,0.18438951671123505,0.564809113740921
534,557,0.1571253453195095,0.08506024709672684,0.0,0.10018169879913329,0.13176754117012024,0.1853207945823669,0.5965683758258821
