,installer_id,market,year,own_price,other_prices
0,21283.0,0.0,2015.0,,4.673691749572754
1,21283.0,0.0,2016.0,,4.274165630340576
13,21283.0,0.0,2017.0,3.1040287017822266,3.607955932617188
25,21283.0,0.0,2018.0,,
30,21641.0,0.0,2016.0,4.274165630340576,
34,1911.0,1.0,2014.0,,
38,1911.0,1.0,2015.0,,
50,1911.0,1.0,2016.0,,4.538884162902832
62,1911.0,1.0,2017.0,,4.63664436340332
74,1911.0,1.0,2018.0,,
79,20045.0,1.0,2015.0,,
91,20045.0,1.0,2016.0,,4.538884162902832
103,20045.0,1.0,2017.0,,4.63664436340332
114,20128.0,1.0,2014.0,,
120,20128.0,1.0,2015.0,,
132,20128.0,1.0,2016.0,4.538884162902832,
144,20128.0,1.0,2017.0,4.63664436340332,
156,20128.0,1.0,2018.0,,
161,20343.0,1.0,2013.0,,
166,20343.0,1.0,2014.0,,
178,20343.0,1.0,2015.0,,
190,20343.0,1.0,2016.0,,4.538884162902832
202,20343.0,1.0,2017.0,,4.63664436340332
214,20343.0,1.0,2018.0,,
218,20538.0,1.0,2014.0,,
227,20538.0,1.0,2015.0,,
239,20538.0,1.0,2016.0,,4.538884162902832
251,20538.0,1.0,2017.0,,4.63664436340332
263,20538.0,1.0,2018.0,,
266,20659.0,1.0,2014.0,,
268,20659.0,1.0,2015.0,,
280,20659.0,1.0,2016.0,,4.538884162902832
292,20659.0,1.0,2017.0,,4.63664436340332
304,20659.0,1.0,2018.0,,
306,21711.0,1.0,2016.0,,4.538884162902832
307,21711.0,1.0,2017.0,,4.63664436340332
313,22764.0,1.0,2017.0,,4.63664436340332
314,22764.0,1.0,2018.0,,
317,108.0,2.0,2015.0,,4.048014892472161
323,108.0,2.0,2016.0,,3.954897165298462
326,1111.0,2.0,2015.0,4.958310127258301,3.9944681139553295
329,1111.0,2.0,2016.0,4.77962064743042,3.9156246185302734
341,1111.0,2.0,2017.0,4.100756645202637,3.626962673664093
350,20030.0,2.0,2013.0,,4.74900872366769
354,20030.0,2.0,2014.0,,5.362644553184509
366,20030.0,2.0,2015.0,,4.048014892472161
378,20030.0,2.0,2016.0,,3.954897165298462
390,20030.0,2.0,2017.0,,3.6495242913564048
402,20030.0,2.0,2018.0,,
407,20131.0,2.0,2013.0,,4.74900872366769
411,20131.0,2.0,2014.0,,5.362644553184509
423,20131.0,2.0,2015.0,,4.048014892472161
435,20131.0,2.0,2016.0,,3.954897165298462
447,20131.0,2.0,2017.0,,3.6495242913564048
454,20348.0,2.0,2013.0,,4.74900872366769
459,20348.0,2.0,2014.0,,5.362644553184509
471,20348.0,2.0,2015.0,,4.048014892472161
483,20348.0,2.0,2016.0,,3.954897165298462
495,20348.0,2.0,2017.0,,3.6495242913564048
507,20348.0,2.0,2018.0,,
512,20374.0,2.0,2013.0,,4.74900872366769
517,20374.0,2.0,2014.0,,5.362644553184509
529,20374.0,2.0,2015.0,,4.048014892472161
541,20374.0,2.0,2016.0,3.527336835861206,3.9752571809859503
553,20374.0,2.0,2017.0,,3.6495242913564048
565,20374.0,2.0,2018.0,,
570,20562.0,2.0,2017.0,,3.6495242913564048
582,20562.0,2.0,2018.0,,
587,20626.0,2.0,2016.0,,3.954897165298462
591,20626.0,2.0,2017.0,,3.6495242913564048
603,20626.0,2.0,2018.0,,
608,20636.0,2.0,2015.0,3.584547519683838,4.075277679106769
620,20636.0,2.0,2016.0,3.74747085571289,3.9647746086120605
632,20636.0,2.0,2017.0,3.2565510272979736,3.6691729545593263
644,20636.0,2.0,2018.0,,
649,20660.0,2.0,2014.0,,5.362644553184509
652,20660.0,2.0,2015.0,,4.048014892472161
664,20660.0,2.0,2016.0,,3.954897165298462
676,20660.0,2.0,2017.0,,3.6495242913564048
682,20663.0,2.0,2014.0,,5.362644553184509
684,20663.0,2.0,2015.0,4.2543301582336435,4.035878700368545
696,20663.0,2.0,2016.0,4.151983737945557,3.945512090410505
708,20663.0,2.0,2017.0,3.9110145568847656,3.6364497780799865
714,20672.0,2.0,2014.0,6.131959438323975,5.1062062581380205
716,20672.0,2.0,2015.0,4.0556068420410165,4.047568307203405
728,20672.0,2.0,2016.0,3.952972888946533,3.9549887975056968
740,20672.0,2.0,2017.0,3.48423171043396,3.6577889204025267
752,20924.0,2.0,2015.0,4.613520622253418,4.014749849543852
762,20924.0,2.0,2016.0,5.052783966064453,3.9026168414524625
770,20982.0,2.0,2017.0,3.839685678482056,3.640016222000122
771,21185.0,2.0,2015.0,3.077582836151123,4.105099131079281
775,21185.0,2.0,2016.0,3.549613237380981,3.974196399961199
784,21267.0,2.0,2016.0,3.526418924331665,3.9753008910587857
789,21357.0,2.0,2016.0,,3.954897165298462
800,21357.0,2.0,2017.0,,3.6495242913564048
812,21357.0,2.0,2018.0,,
817,21394.0,2.0,2016.0,3.6171262264251713,3.9709814957209995
827,21394.0,2.0,2017.0,3.3528993129730225,3.6643555402755736
829,21448.0,2.0,2016.0,3.5382368564605717,3.9747381323859807
838,21448.0,2.0,2017.0,3.4558589458465576,3.659207558631897
850,21448.0,2.0,2018.0,,
855,21577.0,2.0,2016.0,4.56378984451294,3.9259022758120583
857,21577.0,2.0,2017.0,3.748933553695679,3.6445538282394407
869,21577.0,2.0,2018.0,,
874,21593.0,2.0,2017.0,4.8340415954589835,3.590298426151276
878,21676.0,2.0,2016.0,3.53083610534668,3.9750905491056896
882,21676.0,2.0,2017.0,3.4051432609558105,3.6617433428764343
883,21678.0,2.0,2016.0,3.5148401260375977,3.9758522624061223
887,21678.0,2.0,2017.0,2.7706139087677,3.6934698104858397
899,21678.0,2.0,2018.0,,
904,21789.0,2.0,2016.0,3.828677892684937,3.960907606851487
905,21789.0,2.0,2017.0,4.06794023513794,3.628603494167328
907,21813.0,2.0,2016.0,3.8763103485107417,3.958639394669306
908,21813.0,2.0,2017.0,3.793998718261719,3.642300570011139
920,21813.0,2.0,2018.0,,
925,21838.0,2.0,2017.0,3.8445954322814937,3.63977073431015
928,21845.0,2.0,2017.0,1.5817346572875977,3.752913773059845
932,21872.0,2.0,2017.0,,3.6495242913564048
935,22361.0,2.0,2018.0,,
938,22698.0,2.0,2017.0,3.2619497776031494,3.6689030170440673
940,22698.0,2.0,2018.0,,
942,22725.0,2.0,2017.0,4.889783382415772,3.5875113368034364
944,22725.0,2.0,2018.0,,
949,22843.0,2.0,2018.0,,
954,20688.0,3.0,2016.0,3.4235494136810303,
960,20688.0,3.0,2017.0,3.243323802947998,
972,20688.0,3.0,2018.0,,
977,20946.0,3.0,2015.0,,3.762426614761353
984,20946.0,3.0,2016.0,,3.4235494136810303
996,20946.0,3.0,2017.0,,3.243323802947998
1001,6270.0,4.0,2013.0,,5.011600430806478
1002,6270.0,4.0,2014.0,,4.771025913102286
1014,6270.0,4.0,2015.0,,4.0937574013419775
1026,6270.0,4.0,2016.0,,4.0577052006354695
1038,6270.0,4.0,2017.0,,3.81264238887363
1050,6270.0,4.0,2018.0,,
1055,20041.0,4.0,2013.0,,5.011600430806478
1059,20041.0,4.0,2014.0,,4.771025913102286
1071,20041.0,4.0,2015.0,,4.0937574013419775
1078,20349.0,4.0,2014.0,,4.771025913102286
1080,20349.0,4.0,2015.0,,4.0937574013419775
1092,20349.0,4.0,2016.0,,4.0577052006354695
1104,20349.0,4.0,2017.0,,3.81264238887363
1109,20380.0,4.0,2013.0,5.533244609832764,4.9743401323046
1112,20380.0,4.0,2014.0,5.164399147033691,4.740766433569101
1124,20380.0,4.0,2015.0,4.5032076835632315,4.075146024877375
1136,20380.0,4.0,2016.0,4.18064546585083,4.052787590026855
1148,20380.0,4.0,2017.0,3.941709756851196,3.8076782593360314
1152,20594.0,4.0,2014.0,4.579020977020264,4.785795523570134
1160,20594.0,4.0,2015.0,3.72850513458252,4.1103597771037705
1172,20594.0,4.0,2016.0,3.7004780769348153,4.0719942855834965
1184,20594.0,4.0,2017.0,3.76596736907959,3.8144375819426317
1188,20647.0,4.0,2014.0,,4.771025913102286
1189,20647.0,4.0,2015.0,,4.0937574013419775
1201,20647.0,4.0,2016.0,,4.0577052006354695
1213,20647.0,4.0,2017.0,,3.81264238887363
1225,20647.0,4.0,2018.0,,
1229,20668.0,4.0,2015.0,2.9689757823944087,4.144883838566867
1241,20668.0,4.0,2016.0,2.8324711322784424,4.106714563369751
1253,20668.0,4.0,2017.0,3.1678872108459477,3.8374406649516177
1265,20668.0,4.0,2018.0,,
1270,20701.0,4.0,2015.0,7.165999412536621,3.954110037196766
1271,20701.0,4.0,2016.0,6.687099933624268,3.952529411315918
1283,20701.0,4.0,2017.0,5.601217269897461,3.7438510472957907
1295,20701.0,4.0,2018.0,,
1300,20712.0,4.0,2015.0,3.5565705299377437,4.118174986405806
1312,20712.0,4.0,2016.0,3.5151052474975586,4.079409198760986
1324,20712.0,4.0,2017.0,3.348219394683838,3.8305048117270837
1336,20712.0,4.0,2018.0,,
1337,20831.0,4.0,2016.0,,4.0577052006354695
1338,20951.0,4.0,2015.0,,4.0937574013419775
1346,20951.0,4.0,2016.0,,4.0577052006354695
1358,20951.0,4.0,2017.0,,3.81264238887363
1370,20951.0,4.0,2018.0,,
1375,21170.0,4.0,2015.0,3.751661777496338,4.10930720242587
1380,21170.0,4.0,2016.0,4.5477399826049805,4.03810380935669
1392,21170.0,4.0,2017.0,4.310847759246826,3.7934806438592763
1401,21193.0,4.0,2015.0,,4.0937574013419775
1405,21193.0,4.0,2016.0,,4.0577052006354695
1417,21193.0,4.0,2017.0,,3.81264238887363
1425,21195.0,4.0,2015.0,3.929903268814087,4.101205316456881
1427,21195.0,4.0,2016.0,3.667555332183838,4.0733111953735355
1439,21195.0,4.0,2017.0,4.461650848388672,3.7876805250461283
1451,21195.0,4.0,2018.0,,
1455,21232.0,4.0,2015.0,,4.0937574013419775
1456,21232.0,4.0,2016.0,,4.0577052006354695
1468,21232.0,4.0,2017.0,,3.81264238887363
1480,21232.0,4.0,2018.0,,
1485,21242.0,4.0,2015.0,3.791826486587525,4.107481533830816
1488,21242.0,4.0,2016.0,3.4667971134185787,4.081341524124145
1500,21242.0,4.0,2017.0,2.826521158218384,3.8505701285142164
1512,21242.0,4.0,2018.0,,
1517,21313.0,4.0,2016.0,,4.0577052006354695
1521,21342.0,4.0,2016.0,4.0627617835998535,4.057502937316895
1522,21342.0,4.0,2017.0,2.7774806022644043,3.8524563037432156
1525,21356.0,4.0,2016.0,,4.0577052006354695
1536,21356.0,4.0,2017.0,2.8887124061584477,3.8481781574395986
1548,21356.0,4.0,2018.0,,
1549,21358.0,4.0,2016.0,2.367302417755127,4.1253213119506835
1559,21358.0,4.0,2017.0,2.0610010623931885,3.880013209122878
1571,21358.0,4.0,2018.0,,
1576,21360.0,4.0,2016.0,3.8117792606353764,4.067542238235474
1587,21360.0,4.0,2017.0,2.907435417175293,3.8474580416312585
1599,21360.0,4.0,2018.0,,
1604,21384.0,4.0,2016.0,3.126439094543457,4.09495584487915
1614,21384.0,4.0,2017.0,3.7500834465026855,3.8150485020417433
1626,21384.0,4.0,2018.0,,
1631,21398.0,4.0,2016.0,3.2810909748077397,4.088769769668579
1640,21398.0,4.0,2017.0,3.573420524597168,3.82184322980734
1652,21398.0,4.0,2018.0,,
1657,21403.0,4.0,2016.0,,4.0577052006354695
1664,21403.0,4.0,2017.0,,3.81264238887363
1676,21403.0,4.0,2018.0,,
1681,21438.0,4.0,2016.0,,4.0577052006354695
1690,21438.0,4.0,2017.0,,3.81264238887363
1702,21438.0,4.0,2018.0,,
1707,21442.0,4.0,2017.0,,3.81264238887363
1708,21535.0,4.0,2016.0,3.3549532890319824,4.085815277099609
1715,21535.0,4.0,2017.0,3.4330875873565674,3.8272406504704404
1726,21536.0,4.0,2016.0,,4.0577052006354695
1732,21542.0,4.0,2016.0,,4.0577052006354695
1739,21542.0,4.0,2017.0,,3.81264238887363
1751,21542.0,4.0,2018.0,,
1756,21554.0,4.0,2016.0,,4.0577052006354695
1763,21554.0,4.0,2017.0,,3.81264238887363
1775,21554.0,4.0,2018.0,,
1779,21576.0,4.0,2016.0,3.351804256439209,4.116530279318492
1785,21576.0,4.0,2017.0,3.4406471252441406,3.842402009963989
1789,21590.0,4.0,2016.0,,4.0577052006354695
1795,21590.0,4.0,2017.0,,3.81264238887363
1807,21590.0,4.0,2018.0,,
1812,21614.0,4.0,2016.0,,4.0577052006354695
1817,21643.0,4.0,2016.0,4.1894941329956055,4.052433643341065
1821,21704.0,4.0,2016.0,,4.0577052006354695
1822,21704.0,4.0,2017.0,,3.81264238887363
1834,21704.0,4.0,2018.0,,
1839,21840.0,4.0,2017.0,4.354125499725342,3.7918161153793335
1842,21898.0,4.0,2017.0,,3.81264238887363
1851,21898.0,4.0,2018.0,,
1856,21940.0,4.0,2018.0,,
1860,21973.0,4.0,2018.0,,
1861,22012.0,4.0,2017.0,,3.81264238887363
1870,22016.0,4.0,2017.0,4.418181419372559,3.7893524261621327
1872,22228.0,4.0,2017.0,3.1990566253662114,3.836241841316223
1873,22238.0,4.0,2017.0,3.541836261749268,3.823058009147644
1878,22238.0,4.0,2018.0,,
1881,22339.0,4.0,2017.0,3.0493829250335693,3.841998522098248
1888,22339.0,4.0,2018.0,,
1893,22344.0,4.0,2017.0,,3.81264238887363
1900,22344.0,4.0,2018.0,,
1905,22347.0,4.0,2017.0,,3.81264238887363
1906,22362.0,4.0,2017.0,4.092788219451903,3.8018675492360043
1910,22383.0,4.0,2017.0,,3.81264238887363
1916,22383.0,4.0,2018.0,,
1920,22391.0,4.0,2017.0,4.809157848358153,3.7743148712011485
1925,22391.0,4.0,2018.0,,
1930,22406.0,4.0,2017.0,,3.81264238887363
1935,22417.0,4.0,2017.0,,3.81264238887363
1936,22574.0,4.0,2017.0,,3.81264238887363
1941,22574.0,4.0,2018.0,,
1946,22735.0,4.0,2017.0,,3.81264238887363
1948,22735.0,4.0,2018.0,,
1953,22746.0,4.0,2017.0,,3.81264238887363
1954,22746.0,4.0,2018.0,,
1959,22812.0,4.0,2017.0,,3.81264238887363
1960,22812.0,4.0,2018.0,,
1961,22879.0,4.0,2018.0,,
1963,22979.0,4.0,2018.0,,
1965,21441.0,5.0,2016.0,,
1974,21441.0,5.0,2017.0,,
1986,21441.0,5.0,2018.0,,
1988,21513.0,5.0,2016.0,,
1995,21513.0,5.0,2017.0,,
2007,21513.0,5.0,2018.0,,
2008,22511.0,5.0,2017.0,,
2012,22511.0,5.0,2018.0,,
2016,363.0,6.0,2016.0,,3.4958324909210203
2025,363.0,6.0,2017.0,,3.3674572110176086
2030,20367.0,6.0,2013.0,3.8240771293640137,4.929997444152832
2033,20367.0,6.0,2014.0,4.543741703033447,2.5735180377960205
2045,20367.0,6.0,2015.0,3.714739799499512,3.3017722368240356
2057,20573.0,6.0,2014.0,,3.2302592595418296
2067,20573.0,6.0,2015.0,,3.4394280910491943
2079,20573.0,6.0,2016.0,3.554259777069092,3.4812256693840027
2091,20573.0,6.0,2017.0,3.279640913009644,3.396729310353597
2103,20573.0,6.0,2018.0,,
2108,21206.0,6.0,2015.0,,3.4394280910491943
2112,21206.0,6.0,2016.0,4.195821285247804,3.320835292339325
2124,21206.0,6.0,2017.0,3.17016077041626,3.433222691218058
2136,21206.0,6.0,2018.0,,
2139,21444.0,6.0,2016.0,3.8919751644134517,3.3967968225479126
2145,21648.0,6.0,2016.0,2.618966579437256,3.7150489687919617
2150,21648.0,6.0,2017.0,3.3065185546875,3.387770096460978
2152,3250.0,7.0,2016.0,,3.5108423233032227
2154,3250.0,7.0,2017.0,,3.5095932483673096
2156,21707.0,7.0,2016.0,3.2113571166992188,3.8103275299072266
2158,21707.0,7.0,2017.0,3.3286495208740234,3.690536975860596
2162,22337.0,7.0,2017.0,3.690536975860596,3.3286495208740234
2169,22337.0,7.0,2018.0,,
2174,21657.0,8.0,2016.0,,
2176,21657.0,8.0,2017.0,,
2188,21657.0,8.0,2018.0,,
2193,22308.0,8.0,2017.0,,
2195,22401.0,8.0,2017.0,,
2201,22401.0,8.0,2018.0,,
2206,22409.0,8.0,2017.0,,
2208,22589.0,8.0,2017.0,,
2212,22589.0,8.0,2018.0,,
2214,22961.0,8.0,2018.0,,
2217,1865.0,9.0,2015.0,,4.1182074546813965
2222,1865.0,9.0,2016.0,,4.282275438308716
2234,1865.0,9.0,2017.0,,3.4877912998199463
2246,1865.0,9.0,2018.0,,
2251,3455.0,9.0,2015.0,,4.1182074546813965
2263,3455.0,9.0,2016.0,,4.282275438308716
2275,6200.0,9.0,2015.0,4.127540111541748,4.108874797821045
2286,6200.0,9.0,2016.0,4.208209991455078,4.3563408851623535
2298,6200.0,9.0,2017.0,3.5827329158782963,3.3928496837615967
2310,6200.0,9.0,2018.0,,
2315,20314.0,9.0,2013.0,,4.699044227600098
2321,20314.0,9.0,2014.0,,3.465087890625
2333,20314.0,9.0,2015.0,,4.1182074546813965
2345,20314.0,9.0,2016.0,,4.282275438308716
2357,20314.0,9.0,2017.0,,3.4877912998199463
2369,20314.0,9.0,2018.0,,
2374,20370.0,9.0,2013.0,,4.699044227600098
2379,20370.0,9.0,2014.0,,3.465087890625
2391,20370.0,9.0,2015.0,,4.1182074546813965
2403,20370.0,9.0,2016.0,,4.282275438308716
2415,20370.0,9.0,2017.0,,3.4877912998199463
2427,20370.0,9.0,2018.0,,
2432,21161.0,9.0,2015.0,,4.1182074546813965
2437,21161.0,9.0,2016.0,,4.282275438308716
2449,21161.0,9.0,2017.0,,3.4877912998199463
2461,21161.0,9.0,2018.0,,
2466,21450.0,9.0,2016.0,,4.282275438308716
2474,21450.0,9.0,2017.0,,3.4877912998199463
2486,21450.0,9.0,2018.0,,
2491,21910.0,9.0,2017.0,,3.4877912998199463
2502,21910.0,9.0,2018.0,,
2503,21992.0,9.0,2017.0,3.3928496837615967,3.5827329158782963
2510,21992.0,9.0,2018.0,,
2515,22439.0,9.0,2017.0,,3.4877912998199463
2519,22986.0,9.0,2018.0,,
2521,20087.0,10.0,2014.0,3.8117771148681636,
2531,20087.0,10.0,2015.0,4.198193073272705,
2543,20087.0,10.0,2016.0,4.183290481567384,
2555,20087.0,10.0,2017.0,,
2567,20087.0,10.0,2018.0,,
2569,21921.0,10.0,2017.0,,
2578,21921.0,10.0,2018.0,,
2583,22759.0,10.0,2017.0,,
2584,22759.0,10.0,2018.0,,
2589,20385.0,11.0,2013.0,5.154196739196777,
2592,20385.0,11.0,2014.0,4.760302543640137,
2604,20385.0,11.0,2015.0,4.864099502563477,
2616,20385.0,11.0,2016.0,4.582026481628418,
2628,20385.0,11.0,2017.0,4.283436298370361,
2640,20385.0,11.0,2018.0,,
2645,21320.0,11.0,2016.0,,4.582026481628418
2656,21320.0,11.0,2017.0,,4.283436298370361
2659,22591.0,11.0,2017.0,,4.283436298370361
2663,22591.0,11.0,2018.0,,
2668,21318.0,12.0,2016.0,3.837976694107056,
2669,20507.0,13.0,2014.0,3.911564588546753,3.845287084579468
2680,20507.0,13.0,2015.0,3.452381134033203,
2692,20507.0,13.0,2016.0,3.13596510887146,
2696,20545.0,13.0,2014.0,,3.8784258365631104
2703,20545.0,13.0,2015.0,,3.452381134033203
2715,20545.0,13.0,2016.0,,3.13596510887146
2727,20545.0,13.0,2017.0,,2.4997074604034424
2739,20545.0,13.0,2018.0,,
2744,21538.0,13.0,2016.0,,3.13596510887146
2750,21538.0,13.0,2017.0,,2.4997074604034424
2757,21717.0,13.0,2016.0,,3.13596510887146
2760,21717.0,13.0,2017.0,,2.4997074604034424
2772,21717.0,13.0,2018.0,,
2777,21983.0,13.0,2017.0,,2.4997074604034424
2778,20048.0,14.0,2015.0,,
2782,20048.0,14.0,2016.0,,
2794,20048.0,14.0,2017.0,,
2806,20048.0,14.0,2018.0,,
2811,20520.0,14.0,2014.0,,
2822,20520.0,14.0,2015.0,,
2834,20520.0,14.0,2016.0,,
2846,20520.0,14.0,2017.0,,
2858,20520.0,14.0,2018.0,,
2859,20682.0,14.0,2015.0,,
2869,20682.0,14.0,2016.0,,
2881,20682.0,14.0,2017.0,,
2893,20682.0,14.0,2018.0,,
2898,21645.0,14.0,2016.0,,
2901,21645.0,14.0,2017.0,,
2913,21645.0,14.0,2018.0,,
2918,20613.0,15.0,2015.0,,
2928,20613.0,15.0,2016.0,,
2934,21402.0,15.0,2017.0,,
2935,21402.0,15.0,2018.0,,
2940,20109.0,16.0,2017.0,,
2945,20729.0,16.0,2015.0,,
2951,20729.0,16.0,2016.0,,
2963,20729.0,16.0,2017.0,,
2975,20729.0,16.0,2018.0,,
2979,21188.0,16.0,2015.0,,
2983,21188.0,16.0,2016.0,,
2995,21188.0,16.0,2017.0,,
3007,21188.0,16.0,2018.0,,
3012,21459.0,16.0,2016.0,,
3020,21459.0,16.0,2017.0,,
3032,21459.0,16.0,2018.0,,
3037,1234.0,17.0,2014.0,,4.092041277885437
3041,1831.0,17.0,2017.0,,3.6576237877209983
3048,6204.0,17.0,2013.0,4.971757888793945,4.385881974146916
3057,6204.0,17.0,2014.0,4.148955821990967,4.085717439651489
3069,6204.0,17.0,2015.0,4.38904333114624,4.1115100383758545
3076,6351.0,17.0,2013.0,3.974734783172608,4.462576059194712
3079,6351.0,17.0,2014.0,3.578800678253174,4.149068011177911
3091,6351.0,17.0,2015.0,3.535637378692627,4.182627201080322
3103,6351.0,17.0,2016.0,3.3062636852264404,3.7949989795684815
3115,6351.0,17.0,2017.0,2.5291099548339844,3.7602159543470903
3127,6351.0,17.0,2018.0,,
3129,20015.0,17.0,2014.0,3.969136238098145,4.105697393417358
3132,20015.0,17.0,2015.0,4.296592712402344,4.119214256604512
3144,20015.0,17.0,2016.0,4.050086498260498,3.7206166982650757
3156,20015.0,17.0,2017.0,3.6110570430755615,3.6618571281433105
3168,20015.0,17.0,2018.0,,
3173,20046.0,17.0,2013.0,4.71999454498291,4.405248385209304
3177,20046.0,17.0,2014.0,,4.092041277885437
3189,20046.0,17.0,2015.0,5.270040512084961,4.038093606630961
3201,20046.0,17.0,2016.0,,3.7505684982646597
3213,20046.0,17.0,2017.0,,3.6576237877209983
3225,20046.0,17.0,2018.0,,
3230,20179.0,17.0,2016.0,,3.7505684982646597
3236,20179.0,17.0,2017.0,3.3071038722991943,3.689489234577526
3237,20334.0,17.0,2013.0,4.122179985046387,4.451234120589036
3242,20334.0,17.0,2014.0,3.2617743015289307,4.184293164147271
3254,20334.0,17.0,2015.0,3.1403238773345947,4.215569992860158
3266,20334.0,17.0,2016.0,3.3316006660461426,3.7924652814865114
3278,20334.0,17.0,2017.0,2.831060647964477,3.732765891335227
3290,20334.0,17.0,2018.0,,
3295,20583.0,17.0,2016.0,4.239186763763429,3.7017066717147826
3302,20583.0,17.0,2017.0,4.260944366455078,3.602776462381536
3314,20583.0,17.0,2018.0,,
3316,20617.0,17.0,2017.0,,3.6576237877209983
3320,20617.0,17.0,2018.0,,
3324,20619.0,17.0,2014.0,,4.092041277885437
3326,20619.0,17.0,2015.0,,4.132858753204346
3338,20619.0,17.0,2016.0,,3.7505684982646597
3350,20619.0,17.0,2017.0,,3.6576237877209983
3362,20619.0,17.0,2018.0,,
3366,20669.0,17.0,2015.0,,4.132858753204346
3372,20669.0,17.0,2016.0,,3.7505684982646597
3384,20669.0,17.0,2017.0,,3.6576237877209983
3396,20669.0,17.0,2018.0,,
3401,20695.0,17.0,2014.0,3.956084728240967,4.107147561179267
3402,20695.0,17.0,2015.0,4.147369384765625,4.131649533907573
3414,20695.0,17.0,2016.0,3.73576021194458,3.7520493268966675
3426,20695.0,17.0,2017.0,3.625643968582153,3.6605310440063477
3438,20695.0,17.0,2018.0,,
3443,20862.0,17.0,2016.0,,3.7505684982646597
3448,21113.0,17.0,2015.0,3.430384397506714,4.191398282845815
3451,21113.0,17.0,2016.0,3.4700241088867188,3.778622937202454
3463,21113.0,17.0,2017.0,3.6217374801635738,3.6608861793171275
3475,21113.0,17.0,2018.0,,
3479,21157.0,17.0,2015.0,,4.132858753204346
3483,21157.0,17.0,2016.0,,3.7505684982646597
3487,21165.0,17.0,2016.0,,3.7505684982646597
3498,21165.0,17.0,2017.0,,3.6576237877209983
3510,21165.0,17.0,2018.0,,
3515,21294.0,17.0,2018.0,,
3517,21309.0,17.0,2016.0,3.916985273361206,3.7339268207550047
3529,21309.0,17.0,2017.0,3.702239990234375,3.653567769310691
3541,21309.0,17.0,2018.0,,
3546,21312.0,17.0,2016.0,3.095238208770752,3.8161015272140504
3551,21312.0,17.0,2017.0,,3.6576237877209983
3562,21347.0,17.0,2016.0,,3.7505684982646597
3569,21347.0,17.0,2017.0,,3.6576237877209983
3579,21434.0,17.0,2016.0,,3.7505684982646597
3587,21434.0,17.0,2017.0,,3.6576237877209983
3599,21458.0,17.0,2017.0,,3.6576237877209983
3605,21458.0,17.0,2018.0,,
3608,21556.0,17.0,2016.0,,3.7505684982646597
3614,21556.0,17.0,2017.0,,3.6576237877209983
3626,21556.0,17.0,2018.0,,
3629,21604.0,17.0,2016.0,,3.7505684982646597
3635,21604.0,17.0,2017.0,,3.6576237877209983
3645,21663.0,17.0,2016.0,,3.7505684982646597
3649,21715.0,17.0,2016.0,,3.7505684982646597
3650,21829.0,17.0,2017.0,,3.6576237877209983
3656,21837.0,17.0,2017.0,4.493894100189209,3.5815992138602515
3667,21837.0,17.0,2018.0,,
3672,21865.0,17.0,2017.0,4.426044940948486,3.587767319245772
3675,21914.0,17.0,2017.0,,3.6576237877209983
3682,22232.0,17.0,2017.0,3.8708224296569824,3.638242092999545
3690,22232.0,17.0,2018.0,,
3694,22345.0,17.0,2017.0,,3.6576237877209983
3700,22345.0,17.0,2018.0,,
3704,22546.0,17.0,2017.0,,3.6576237877209983
3709,22546.0,17.0,2018.0,,
3711,22718.0,17.0,2017.0,,3.6576237877209983
3713,22718.0,17.0,2018.0,,
3717,20931.0,18.0,2016.0,,
3721,20931.0,18.0,2017.0,,
3733,20931.0,18.0,2018.0,,
3737,1790.0,20.0,2017.0,,3.2683703899383545
3747,1790.0,20.0,2018.0,,
3751,20193.0,20.0,2015.0,,3.8379802703857417
3762,20193.0,20.0,2016.0,,3.469066619873047
3774,20193.0,20.0,2017.0,,3.2683703899383545
3786,20193.0,20.0,2018.0,,
3790,20300.0,20.0,2013.0,,3.806333303451538
3798,20300.0,20.0,2014.0,,
3810,20300.0,20.0,2015.0,,3.8379802703857417
3822,20300.0,20.0,2016.0,,3.469066619873047
3834,20300.0,20.0,2017.0,,3.2683703899383545
3837,20358.0,20.0,2013.0,,3.806333303451538
3842,20358.0,20.0,2014.0,,
3854,20358.0,20.0,2015.0,,3.8379802703857417
3866,20358.0,20.0,2016.0,,3.469066619873047
3878,20358.0,20.0,2017.0,,3.2683703899383545
3890,20358.0,20.0,2018.0,,
3895,20368.0,20.0,2017.0,,3.2683703899383545
3906,20368.0,20.0,2018.0,,
3911,20898.0,20.0,2015.0,3.8379802703857417,
3916,20898.0,20.0,2016.0,3.469066619873047,
3928,20898.0,20.0,2017.0,3.2683703899383545,
3940,20898.0,20.0,2018.0,,
3941,21091.0,20.0,2017.0,,3.2683703899383545
3951,21091.0,20.0,2018.0,,
3955,21117.0,20.0,2015.0,,3.8379802703857417
3959,21117.0,20.0,2016.0,,3.469066619873047
3971,21117.0,20.0,2017.0,,3.2683703899383545
3983,21117.0,20.0,2018.0,,
3988,21127.0,20.0,2015.0,,3.8379802703857417
3993,21127.0,20.0,2016.0,,3.469066619873047
4005,21127.0,20.0,2017.0,,3.2683703899383545
4017,21127.0,20.0,2018.0,,
4022,21310.0,20.0,2016.0,,3.469066619873047
4032,21310.0,20.0,2017.0,,3.2683703899383545
4035,21335.0,20.0,2016.0,,3.469066619873047
4047,21335.0,20.0,2017.0,,3.2683703899383545
4059,21335.0,20.0,2018.0,,
4064,21412.0,20.0,2016.0,,3.469066619873047
4072,21412.0,20.0,2017.0,,3.2683703899383545
4084,21412.0,20.0,2018.0,,
4088,1027.0,21.0,2014.0,,
4090,1027.0,21.0,2015.0,,2.389912366867065
4102,1027.0,21.0,2016.0,,3.4015607833862305
4105,4386.0,21.0,2015.0,2.389912366867065,
4109,4386.0,21.0,2016.0,3.4015607833862305,
4121,4386.0,21.0,2017.0,,
4133,4386.0,21.0,2018.0,,
4135,20033.0,21.0,2013.0,,
4140,20033.0,21.0,2014.0,,
4152,20033.0,21.0,2015.0,,2.389912366867065
4164,20033.0,21.0,2016.0,,3.4015607833862305
4173,20511.0,21.0,2014.0,,
4185,20511.0,21.0,2015.0,,2.389912366867065
4197,20511.0,21.0,2016.0,,3.4015607833862305
4209,20511.0,21.0,2017.0,,
4221,20511.0,21.0,2018.0,,
4225,20587.0,21.0,2014.0,,
4227,20587.0,21.0,2015.0,,2.389912366867065
4239,20587.0,21.0,2016.0,,3.4015607833862305
4251,20587.0,21.0,2017.0,,
4263,20606.0,21.0,2014.0,,
4265,20606.0,21.0,2015.0,,2.389912366867065
4277,20606.0,21.0,2016.0,,3.4015607833862305
4289,20606.0,21.0,2017.0,,
4301,20606.0,21.0,2018.0,,
4306,20919.0,21.0,2017.0,,
4308,20919.0,21.0,2018.0,,
4313,21616.0,21.0,2017.0,,
4317,21616.0,21.0,2018.0,,
4322,21738.0,21.0,2016.0,,3.4015607833862305
4324,21738.0,21.0,2017.0,,
4336,21738.0,21.0,2018.0,,
4338,21860.0,21.0,2017.0,,
4344,22548.0,21.0,2017.0,,
4349,22548.0,21.0,2018.0,,
4353,22967.0,21.0,2018.0,,
4356,20666.0,22.0,2015.0,,
4362,20666.0,22.0,2016.0,,
4374,20666.0,22.0,2017.0,,
4386,20666.0,22.0,2018.0,,
4387,20667.0,22.0,2014.0,,
4389,20667.0,22.0,2015.0,,
4401,20667.0,22.0,2016.0,,
4413,20667.0,22.0,2017.0,,
4425,20667.0,22.0,2018.0,,
4429,21375.0,22.0,2016.0,,
4439,21375.0,22.0,2017.0,,
4451,21375.0,22.0,2018.0,,
4453,21514.0,22.0,2016.0,,
4460,21514.0,22.0,2017.0,,
4472,22779.0,22.0,2018.0,,
4475,21211.0,23.0,2016.0,,
4484,21211.0,23.0,2017.0,,
4491,22298.0,23.0,2017.0,,
4497,22298.0,23.0,2018.0,,
4499,21942.0,24.0,2017.0,,
4508,21942.0,24.0,2018.0,,
4512,22468.0,24.0,2017.0,,
4517,22468.0,24.0,2018.0,,
4521,1364.0,25.0,2014.0,,3.4898945490519204
4531,1364.0,25.0,2015.0,5.395199775695801,3.877107858657837
4543,1364.0,25.0,2016.0,2.798245429992676,4.332257390022278
4555,1364.0,25.0,2017.0,3.5618278980255127,3.5146085023880005
4565,1774.0,25.0,2017.0,3.788689613342285,3.4578930735588074
4569,1774.0,25.0,2018.0,,
4574,20049.0,25.0,2017.0,,3.524052381515503
4578,20049.0,25.0,2018.0,,
4583,21196.0,25.0,2015.0,,4.18072624206543
4587,21196.0,25.0,2016.0,,4.025454998016357
4599,21196.0,25.0,2017.0,,3.524052381515503
4611,21196.0,25.0,2018.0,,
4615,21213.0,25.0,2015.0,4.590364456176758,4.078316688537598
4618,21213.0,25.0,2016.0,4.313646316528319,3.9534071683883667
4630,21213.0,25.0,2017.0,2.844704389572144,3.6938893795013428
4636,21609.0,25.0,2016.0,,4.025454998016357
4641,21609.0,25.0,2017.0,,3.524052381515503
4646,21817.0,25.0,2017.0,4.5770463943481445,3.2608038783073425
4658,21817.0,25.0,2018.0,,
4663,21996.0,25.0,2017.0,,3.524052381515503
4667,22371.0,25.0,2017.0,,3.524052381515503
4674,22594.0,25.0,2017.0,,3.524052381515503
4678,22594.0,25.0,2018.0,,
4683,22653.0,25.0,2017.0,2.8479936122894287,3.6930670738220215
4687,22653.0,25.0,2018.0,,
4692,22678.0,25.0,2017.0,,3.524052381515503
4696,22678.0,25.0,2018.0,,
4697,22729.0,25.0,2017.0,,3.524052381515503
4698,22729.0,25.0,2018.0,,
4703,22803.0,25.0,2017.0,,3.524052381515503
4704,22803.0,25.0,2018.0,,
4709,23027.0,25.0,2018.0,,
4711,21286.0,26.0,2017.0,,
4715,21286.0,26.0,2018.0,,
4720,22003.0,26.0,2017.0,,
4723,22003.0,26.0,2018.0,,
4725,21189.0,27.0,2016.0,,
4733,21260.0,27.0,2015.0,,
4735,21260.0,27.0,2016.0,,
4747,21260.0,27.0,2017.0,,
4756,20397.0,28.0,2013.0,,
4758,20397.0,28.0,2014.0,,
4770,20397.0,28.0,2015.0,,
4782,20397.0,28.0,2016.0,,
4794,20397.0,28.0,2017.0,,
4806,20397.0,28.0,2018.0,,
4811,20731.0,28.0,2015.0,,
4812,21376.0,28.0,2016.0,,
4821,21376.0,28.0,2017.0,,
4825,21658.0,28.0,2016.0,,
4827,21812.0,28.0,2016.0,,
4828,21812.0,28.0,2017.0,,
4829,22904.0,28.0,2018.0,,
4833,2042.0,29.0,2015.0,,
4835,2042.0,29.0,2016.0,,
4847,2042.0,29.0,2017.0,,
4859,2042.0,29.0,2018.0,,
4864,20395.0,29.0,2016.0,,
4876,20395.0,29.0,2017.0,,
4888,20395.0,29.0,2018.0,,
4892,20101.0,30.0,2013.0,4.2273430824279785,
4896,20101.0,30.0,2014.0,3.527881622314453,
4908,20101.0,30.0,2015.0,3.520310163497925,3.365384817123413
4920,20101.0,30.0,2016.0,4.002232074737549,2.8042945861816406
4932,20101.0,30.0,2017.0,3.1201360225677486,2.891981840133667
4944,20101.0,30.0,2018.0,,
4949,20341.0,30.0,2014.0,,3.527881622314453
4960,20341.0,30.0,2015.0,,3.442847490310669
4972,20341.0,30.0,2016.0,,3.4032633304595947
4984,20341.0,30.0,2017.0,,3.006058931350708
4996,20341.0,30.0,2018.0,,
5001,21102.0,30.0,2016.0,,3.4032633304595947
5012,21102.0,30.0,2017.0,,3.006058931350708
5024,21102.0,30.0,2018.0,,
5028,21382.0,30.0,2016.0,,3.4032633304595947
5038,21382.0,30.0,2017.0,,3.006058931350708
5050,21382.0,30.0,2018.0,,
5055,21723.0,30.0,2016.0,,3.4032633304595947
5058,21723.0,30.0,2017.0,,3.006058931350708
5070,21723.0,30.0,2018.0,,
5075,22330.0,30.0,2017.0,,3.006058931350708
5083,22330.0,30.0,2018.0,,
5085,22509.0,30.0,2017.0,2.891981840133667,3.1201360225677486
5090,22509.0,30.0,2018.0,,
5095,1397.0,31.0,2013.0,,4.6761627197265625
5097,1397.0,31.0,2014.0,,3.725818634033203
5109,1397.0,31.0,2015.0,,3.7937108278274536
5121,1397.0,31.0,2016.0,,3.86427915096283
5133,1397.0,31.0,2017.0,,3.865581512451172
5145,1397.0,31.0,2018.0,,
5150,6515.0,31.0,2014.0,,3.725818634033203
5161,6515.0,31.0,2015.0,,3.7937108278274536
5173,6515.0,31.0,2016.0,,3.86427915096283
5185,6515.0,31.0,2017.0,,3.865581512451172
5197,6515.0,31.0,2018.0,,
5202,20574.0,31.0,2014.0,,3.725818634033203
5211,20574.0,31.0,2015.0,,3.7937108278274536
5223,20574.0,31.0,2016.0,,3.86427915096283
5235,20574.0,31.0,2017.0,,3.865581512451172
5247,20574.0,31.0,2018.0,,
5248,21218.0,31.0,2015.0,3.5997791290283203,3.987642526626587
5251,21218.0,31.0,2016.0,3.6952664852142334,4.033291816711427
5263,21218.0,31.0,2017.0,3.752401113510132,3.978761911392212
5275,21218.0,31.0,2018.0,,
5280,21517.0,31.0,2016.0,4.033291816711427,3.6952664852142334
5287,21517.0,31.0,2017.0,3.978761911392212,3.752401113510132
5299,21517.0,31.0,2018.0,,
5304,21810.0,31.0,2016.0,,3.86427915096283
5305,21810.0,31.0,2017.0,,3.865581512451172
5314,21878.0,31.0,2017.0,,3.865581512451172
5322,21878.0,31.0,2018.0,,
5326,22369.0,31.0,2017.0,,3.865581512451172
5333,22369.0,31.0,2018.0,,
5338,22580.0,31.0,2017.0,,3.865581512451172
5341,22580.0,31.0,2018.0,,
5346,20409.0,32.0,2016.0,3.351804256439209,
5358,20409.0,32.0,2017.0,3.4406471252441406,
5370,20409.0,32.0,2018.0,,
5375,22358.0,32.0,2017.0,,3.4406471252441406
5379,1013.0,33.0,2014.0,3.751891613006592,3.644434928894043
5380,1013.0,33.0,2015.0,10.156904220581056,3.515116512775421
5392,1013.0,33.0,2016.0,3.888291120529175,3.3594842553138733
5404,1013.0,33.0,2017.0,3.71262264251709,2.876634955406189
5413,20009.0,33.0,2013.0,,4.218321323394775
5423,20009.0,33.0,2014.0,,3.67129909992218
5425,20021.0,33.0,2014.0,3.645966291427612,3.6797433694203696
5434,20021.0,33.0,2015.0,4.007390022277832,5.052495062351227
5446,20021.0,33.0,2016.0,3.471391439437866,3.4637091755867004
5458,20021.0,33.0,2017.0,2.8533804416656494,3.091445505619049
5470,20021.0,33.0,2018.0,,
5475,20359.0,33.0,2015.0,3.2270236015319824,5.247586667537689
5478,20359.0,33.0,2016.0,3.134040117263794,3.5480470061302185
5490,20359.0,33.0,2017.0,2.667123556137085,3.13800972700119
5502,20359.0,33.0,2018.0,,
5507,20457.0,33.0,2013.0,,4.218321323394775
5508,20457.0,33.0,2014.0,3.4211111068725586,3.754695097605387
5520,20457.0,33.0,2015.0,3.5140480995178223,5.175830543041229
5532,20457.0,33.0,2016.0,3.4832277297973637,3.460750102996826
5544,20457.0,33.0,2017.0,2.528782844543457,3.172594904899597
5556,20457.0,33.0,2018.0,,
5560,21331.0,33.0,2016.0,,3.4652456283569335
5566,21562.0,33.0,2016.0,3.3492777347564697,3.4942376017570496
5573,21562.0,33.0,2017.0,3.4572529792785645,2.9404773712158203
5577,21882.0,33.0,2017.0,,3.0438324928283693
5586,21882.0,33.0,2018.0,,
5591,22296.0,33.0,2017.0,,3.0438324928283693
5599,22296.0,33.0,2018.0,,
5600,22965.0,33.0,2018.0,,
5602,857.0,34.0,2013.0,4.134150505065918,4.007427453994751
5607,857.0,34.0,2014.0,3.5,3.4188137650489803
5619,857.0,34.0,2015.0,,3.608972907066345
5631,857.0,34.0,2016.0,,3.7823498249053955
5643,857.0,34.0,2017.0,,3.517315149307251
5655,857.0,34.0,2018.0,,
5660,1985.0,34.0,2017.0,3.318760633468628,3.5834999879201255
5664,20054.0,34.0,2013.0,,4.049668471018474
5674,20054.0,34.0,2014.0,,3.4350510120391844
5686,20054.0,34.0,2015.0,,3.608972907066345
5698,20054.0,34.0,2016.0,,3.7823498249053955
5710,20054.0,34.0,2017.0,,3.517315149307251
5722,20054.0,34.0,2018.0,,
5727,20137.0,34.0,2013.0,,4.049668471018474
5736,20137.0,34.0,2014.0,,3.4350510120391844
5748,20137.0,34.0,2015.0,,3.608972907066345
5760,20137.0,34.0,2016.0,,3.7823498249053955
5772,20137.0,34.0,2017.0,,3.517315149307251
5784,20137.0,34.0,2018.0,,
5789,20145.0,34.0,2014.0,,3.4350510120391844
5797,20145.0,34.0,2015.0,,3.608972907066345
5809,20145.0,34.0,2016.0,,3.7823498249053955
5821,20145.0,34.0,2017.0,,3.517315149307251
5833,20145.0,34.0,2018.0,,
5837,20317.0,34.0,2013.0,,4.049668471018474
5841,20317.0,34.0,2014.0,,3.4350510120391844
5853,20317.0,34.0,2015.0,,3.608972907066345
5865,20317.0,34.0,2016.0,,3.7823498249053955
5877,20317.0,34.0,2017.0,,3.517315149307251
5889,20317.0,34.0,2018.0,,
5892,20552.0,34.0,2014.0,,3.4350510120391844
5899,20552.0,34.0,2015.0,,3.608972907066345
5911,20552.0,34.0,2016.0,4.518290996551514,3.4143792390823364
5923,20552.0,34.0,2017.0,4.432627201080322,3.2122111320495605
5931,20622.0,34.0,2015.0,3.609612464904785,3.608333349227905
5942,20622.0,34.0,2016.0,3.283473014831543,4.031788229942322
5954,21238.0,34.0,2015.0,,3.608972907066345
5956,21238.0,34.0,2016.0,,3.7823498249053955
5965,21250.0,34.0,2015.0,,3.608972907066345
5967,21250.0,34.0,2016.0,,3.7823498249053955
5970,21288.0,34.0,2016.0,,3.7823498249053955
5982,21288.0,34.0,2017.0,,3.517315149307251
5994,21288.0,34.0,2018.0,,
5999,21368.0,34.0,2016.0,,3.7823498249053955
6009,21368.0,34.0,2017.0,,3.517315149307251
6021,21368.0,34.0,2018.0,,
6025,21447.0,34.0,2016.0,,3.7823498249053955
6033,21447.0,34.0,2017.0,,3.517315149307251
6043,21587.0,34.0,2016.0,,3.7823498249053955
6049,21587.0,34.0,2017.0,,3.517315149307251
6061,21587.0,34.0,2018.0,,
6065,21660.0,34.0,2016.0,,3.7823498249053955
6070,21660.0,34.0,2017.0,,3.517315149307251
6082,21660.0,34.0,2018.0,,
6087,21712.0,34.0,2016.0,,3.7823498249053955
6090,21712.0,34.0,2017.0,,3.517315149307251
6093,21721.0,34.0,2016.0,,3.7823498249053955
6095,21721.0,34.0,2017.0,,3.517315149307251
6096,21902.0,34.0,2017.0,,3.517315149307251
6106,21902.0,34.0,2018.0,,
6111,22321.0,34.0,2017.0,3.134796142578125,3.6448214848836265
6113,22353.0,34.0,2017.0,,3.517315149307251
6119,22363.0,34.0,2017.0,,3.517315149307251
6121,22862.0,34.0,2018.0,,
6125,551.0,35.0,2014.0,4.250046253204347,3.9894755681355796
6137,551.0,35.0,2015.0,4.114959239959717,4.07003132502238
6149,551.0,35.0,2016.0,3.895169496536255,4.402362664540608
6161,551.0,35.0,2017.0,3.6247286796569824,3.7093645334243774
6173,551.0,35.0,2018.0,,
6178,1649.0,35.0,2014.0,4.589758396148682,3.8762381871541343
6181,1649.0,35.0,2015.0,4.728264808654785,3.865596135457357
6193,1649.0,35.0,2016.0,4.644608497619629,4.152549664179484
6205,1901.0,35.0,2016.0,,4.27556437253952
6214,1901.0,35.0,2017.0,,3.681152582168579
6226,1901.0,35.0,2018.0,,
6228,6519.0,35.0,2013.0,,4.41941910982132
6238,6519.0,35.0,2014.0,,4.054618239402771
6250,6519.0,35.0,2015.0,,4.081263303756714
6262,6519.0,35.0,2016.0,,4.27556437253952
6274,6519.0,35.0,2017.0,,3.681152582168579
6286,6519.0,35.0,2018.0,,
6287,6520.0,35.0,2013.0,,4.41941910982132
6297,6520.0,35.0,2014.0,,4.054618239402771
6309,6520.0,35.0,2015.0,,4.081263303756714
6321,6520.0,35.0,2016.0,4.25,4.284085830052693
6333,6520.0,35.0,2017.0,,3.681152582168579
6345,6520.0,35.0,2018.0,,
6350,6521.0,35.0,2013.0,,4.41941910982132
6359,6521.0,35.0,2014.0,,4.054618239402771
6371,6521.0,35.0,2015.0,,4.081263303756714
6383,6521.0,35.0,2016.0,,4.27556437253952
6395,6521.0,35.0,2017.0,,3.681152582168579
6401,20106.0,35.0,2013.0,,4.41941910982132
6402,20627.0,35.0,2014.0,,4.054618239402771
6408,20627.0,35.0,2015.0,,4.081263303756714
6420,20627.0,35.0,2016.0,,4.27556437253952
6432,20627.0,35.0,2017.0,,3.681152582168579
6444,20627.0,35.0,2018.0,,
6448,20778.0,35.0,2015.0,,4.081263303756714
6458,20778.0,35.0,2016.0,,4.27556437253952
6470,20778.0,35.0,2017.0,,3.681152582168579
6482,20778.0,35.0,2018.0,,
6487,21083.0,35.0,2016.0,,4.27556437253952
6488,21083.0,35.0,2017.0,,3.681152582168579
6489,21138.0,35.0,2015.0,,4.081263303756714
6493,21138.0,35.0,2016.0,,4.27556437253952
6505,21138.0,35.0,2017.0,,3.681152582168579
6517,21138.0,35.0,2018.0,,
6522,21364.0,35.0,2017.0,,3.681152582168579
6528,21509.0,35.0,2016.0,,4.27556437253952
6535,21537.0,35.0,2016.0,,4.27556437253952
6542,21537.0,35.0,2017.0,,3.681152582168579
6544,21569.0,35.0,2016.0,,4.27556437253952
6548,21569.0,35.0,2017.0,,3.681152582168579
6553,21585.0,35.0,2016.0,,4.27556437253952
6556,21688.0,35.0,2016.0,,4.27556437253952
6559,21688.0,35.0,2017.0,,3.681152582168579
6560,21793.0,35.0,2016.0,,4.27556437253952
6561,21793.0,35.0,2017.0,,3.681152582168579
6573,21793.0,35.0,2018.0,,
6578,21953.0,35.0,2017.0,3.289538145065308,3.8769598007202144
6584,22834.0,35.0,2018.0,,
6588,22985.0,35.0,2018.0,,
6590,22997.0,35.0,2018.0,,
6592,424.0,36.0,2013.0,4.699999809265137,4.564193322108342
6594,424.0,36.0,2014.0,3.6603775024414062,4.236773300170898
6606,424.0,36.0,2015.0,3.9892125129699703,4.346382542089983
6618,424.0,36.0,2016.0,3.706000328063965,4.048278262217839
6630,424.0,36.0,2017.0,3.4703381061553955,3.7690835649316963
6642,424.0,36.0,2018.0,,
6647,554.0,36.0,2013.0,,4.573893785476685
6657,554.0,36.0,2014.0,,4.200748562812805
6669,554.0,36.0,2015.0,,4.330853410389112
6681,554.0,36.0,2016.0,,4.034587144851685
6693,554.0,36.0,2017.0,,3.7560946319414223
6705,554.0,36.0,2018.0,,
6710,556.0,36.0,2017.0,3.460194826126098,3.769544623114846
6714,613.0,36.0,2017.0,3.2678737640380864,3.778286489573392
6720,613.0,36.0,2018.0,,
6722,713.0,36.0,2016.0,4.309119701385498,4.023148288329442
6729,713.0,36.0,2017.0,3.9076449871063232,3.7492059794339267
6741,713.0,36.0,2018.0,,
6746,1034.0,36.0,2015.0,,4.330853410389112
6758,1034.0,36.0,2016.0,3.0999999046325684,4.073528279860814
6770,1034.0,36.0,2017.0,3.316666603088379,3.7760686332529243
6773,6356.0,36.0,2013.0,4.8108553886413565,4.555665969848633
6783,6356.0,36.0,2014.0,4.59764289855957,4.174288940429688
6795,6394.0,36.0,2013.0,,4.573893785476685
6806,6394.0,36.0,2014.0,,4.200748562812805
6818,6394.0,36.0,2015.0,,4.330853410389112
6830,6394.0,36.0,2016.0,,4.034587144851685
6842,6394.0,36.0,2017.0,,3.7560946319414223
6851,6449.0,36.0,2013.0,5.54784107208252,4.498974763430082
6862,6449.0,36.0,2014.0,4.489380359649658,4.1815064430236815
6874,6449.0,36.0,2015.0,4.315327167510986,4.331559148701754
6886,6449.0,36.0,2016.0,4.266846656799316,4.0249096651872
6887,6507.0,36.0,2013.0,4.285504341125488,4.596077588888315
6898,6507.0,36.0,2014.0,3.8155608177185063,4.226427745819092
6910,6507.0,36.0,2015.0,5.5106048583984375,4.277228344570506
6922,6507.0,36.0,2016.0,3.9335238933563232,4.038798113663991
6934,6507.0,36.0,2017.0,3.5095787048339844,3.7672999013553965
6943,20162.0,36.0,2013.0,6.34871768951416,4.437368869781494
6949,20162.0,36.0,2014.0,4.3432631492614755,4.191247590382894
6961,20162.0,36.0,2015.0,4.027755260467528,4.344630599021912
6973,20162.0,36.0,2016.0,3.957888841629028,4.037782907485962
6985,20162.0,36.0,2017.0,3.950116395950317,3.747275460850109
6997,20162.0,36.0,2018.0,,
7002,20163.0,36.0,2013.0,5.087508678436278,4.534384947556716
7010,20163.0,36.0,2014.0,4.9121360778808585,4.153322728474935
7022,20163.0,36.0,2015.0,5.0867180824279785,4.296495925296437
7028,20301.0,36.0,2016.0,,4.034587144851685
7039,20301.0,36.0,2017.0,,3.7560946319414223
7051,20301.0,36.0,2018.0,,
7054,20365.0,36.0,2016.0,,4.034587144851685
7059,20365.0,36.0,2017.0,,3.7560946319414223
7060,20383.0,36.0,2015.0,4.67864465713501,4.315044717355208
7072,20383.0,36.0,2016.0,4.073789119720459,4.032953729232152
7084,20383.0,36.0,2017.0,3.375311374664306,3.7734029618176548
7096,20383.0,36.0,2018.0,,
7100,20410.0,36.0,2013.0,4.170485496520996,4.604925192319429
7104,20410.0,36.0,2014.0,4.420129776000977,4.18612314860026
7116,20410.0,36.0,2015.0,4.067152976989746,4.342839793725447
7128,20410.0,36.0,2016.0,4.581639766693115,4.011793285608292
7140,20410.0,36.0,2017.0,3.996904373168945,3.7451487346128984
7143,20629.0,36.0,2014.0,,4.200748562812805
7147,20629.0,36.0,2015.0,3.7686378955841056,4.356408661062067
7159,20629.0,36.0,2016.0,3.4954545497894287,4.057051002979279
7171,20629.0,36.0,2017.0,,3.7560946319414223
7183,20629.0,36.0,2018.0,,
7188,20733.0,36.0,2015.0,,4.330853410389112
7198,20733.0,36.0,2016.0,,4.034587144851685
7210,20733.0,36.0,2017.0,,3.7560946319414223
7222,20733.0,36.0,2018.0,,
7227,20769.0,36.0,2016.0,,4.034587144851685
7232,20769.0,36.0,2017.0,,3.7560946319414223
7244,20769.0,36.0,2018.0,,
7249,20935.0,36.0,2015.0,4.043898105621338,4.343896833333102
7258,20935.0,36.0,2016.0,4.472783088684082,4.016328980525334
7262,20965.0,36.0,2016.0,,4.034587144851685
7270,20965.0,36.0,2017.0,,3.7560946319414223
7282,20965.0,36.0,2018.0,,
7287,21143.0,36.0,2016.0,3.519771814346313,4.056037783622742
7298,21143.0,36.0,2017.0,3.247508764266968,3.77921217138117
7310,21143.0,36.0,2018.0,,
7315,21269.0,36.0,2015.0,5.714285850524902,4.2679701176556675
7316,21269.0,36.0,2016.0,3.944075584411621,4.038358459870021
7328,21269.0,36.0,2017.0,4.25536060333252,3.733400724150918
7340,21269.0,36.0,2018.0,,
7342,21316.0,36.0,2016.0,3.8258092403411865,4.043286224206288
7354,21316.0,36.0,2017.0,3.794832706451416,3.754333810372786
7366,21316.0,36.0,2018.0,,
7371,21348.0,36.0,2016.0,,4.034587144851685
7378,21348.0,36.0,2017.0,,3.7560946319414223
7384,21363.0,36.0,2017.0,3.7902207374572754,3.7545434453270654
7390,21363.0,36.0,2018.0,,
7395,21457.0,36.0,2016.0,,4.034587144851685
7403,21457.0,36.0,2017.0,,3.7560946319414223
7415,21457.0,36.0,2018.0,,
7420,21592.0,36.0,2016.0,4.174509525299071,4.028757045666377
7426,21592.0,36.0,2017.0,3.470661163330078,3.769068880514665
7438,21592.0,36.0,2018.0,,
7443,21613.0,36.0,2016.0,3.5526316165924072,4.054668625195821
7449,21613.0,36.0,2017.0,3.358323097229004,3.774175156246532
7461,21613.0,36.0,2018.0,,
7466,21672.0,36.0,2017.0,,3.7560946319414223
7476,21672.0,36.0,2018.0,,
7478,21703.0,36.0,2016.0,3.7710120677948,4.0455694397290545
7480,21703.0,36.0,2017.0,3.6892905235290527,3.7591311823238027
7492,21703.0,36.0,2018.0,,
7496,21733.0,36.0,2016.0,4.042115211486816,4.034273475408554
7498,21733.0,36.0,2017.0,4.2235026359558105,3.734848813577132
7499,22416.0,36.0,2017.0,,3.7560946319414223
7503,22584.0,36.0,2017.0,3.0891616344451904,3.786409768191251
7507,22584.0,36.0,2018.0,,
7512,22585.0,36.0,2017.0,,3.7560946319414223
7516,22585.0,36.0,2018.0,,
7519,22681.0,36.0,2017.0,4.237563133239746,3.7342097000642256
7521,22681.0,36.0,2018.0,,
7526,22992.0,36.0,2018.0,,
7528,566.0,-1.0,2013.0,4.712374687194824,4.606341679890951
7539,566.0,-1.0,2014.0,8.390096664428711,4.573142409324646
7551,566.0,-1.0,2015.0,4.1427016258239755,4.585898399353027
7563,566.0,-1.0,2016.0,3.877919912338257,3.906429100036621
7575,566.0,-1.0,2017.0,3.4298720359802246,3.3940032482147218
7587,566.0,-1.0,2018.0,,
7592,20107.0,-1.0,2013.0,,4.632849931716919
7594,20107.0,-1.0,2014.0,,5.336533260345459
7606,20107.0,-1.0,2015.0,,4.475099205970764
7618,20107.0,-1.0,2016.0,,3.9016775687535605
7630,20107.0,-1.0,2017.0,,3.399981379508972
7642,20107.0,-1.0,2018.0,,
7647,20364.0,-1.0,2014.0,,5.336533260345459
7657,20364.0,-1.0,2015.0,,4.475099205970764
7669,20364.0,-1.0,2016.0,,3.9016775687535605
7681,20364.0,-1.0,2017.0,,3.399981379508972
7693,20364.0,-1.0,2018.0,,
7698,20400.0,-1.0,2013.0,,4.632849931716919
7700,20400.0,-1.0,2014.0,,5.336533260345459
7712,20400.0,-1.0,2015.0,,4.475099205970764
7720,20642.0,-1.0,2015.0,,4.475099205970764
7722,20642.0,-1.0,2016.0,,3.9016775687535605
7734,20642.0,-1.0,2017.0,,3.399981379508972
7746,20642.0,-1.0,2018.0,,
7750,20702.0,-1.0,2015.0,,4.475099205970764
7755,20702.0,-1.0,2016.0,,3.9016775687535605
7761,20916.0,-1.0,2016.0,4.762982368469238,3.729416608810425
7762,20916.0,-1.0,2017.0,4.295456886291504,3.2208862781524656
7768,20938.0,-1.0,2015.0,,4.475099205970764
7771,20938.0,-1.0,2016.0,,3.9016775687535605
7783,20938.0,-1.0,2017.0,,3.399981379508972
7795,20938.0,-1.0,2018.0,,
7800,21118.0,-1.0,2015.0,,4.475099205970764
7803,21118.0,-1.0,2016.0,,3.9016775687535605
7815,21118.0,-1.0,2017.0,,3.399981379508972
7827,21175.0,-1.0,2015.0,,4.475099205970764
7831,21175.0,-1.0,2016.0,,3.9016775687535605
7843,21175.0,-1.0,2017.0,,3.399981379508972
7855,21175.0,-1.0,2018.0,,
7860,21314.0,-1.0,2016.0,,3.9016775687535605
7867,21314.0,-1.0,2017.0,,3.399981379508972
7879,21314.0,-1.0,2018.0,,
7883,21350.0,-1.0,2017.0,3.4647028446197514,3.3870370864868162
7895,21350.0,-1.0,2018.0,,
7897,21386.0,-1.0,2016.0,,3.9016775687535605
7906,21386.0,-1.0,2017.0,,3.399981379508972
7918,21386.0,-1.0,2018.0,,
7923,21389.0,-1.0,2016.0,,3.9016775687535605
7933,21389.0,-1.0,2017.0,,3.399981379508972
7943,21392.0,-1.0,2017.0,,3.399981379508972
7953,21395.0,-1.0,2016.0,3.4999997615814213,3.982013130187988
7963,21395.0,-1.0,2017.0,2.8751046657562256,3.5049567222595215
7975,21395.0,-1.0,2018.0,,
7979,21414.0,-1.0,2016.0,,3.9016775687535605
7983,21414.0,-1.0,2017.0,,3.399981379508972
7995,21414.0,-1.0,2018.0,,
7999,21455.0,-1.0,2016.0,,3.9016775687535605
8006,21455.0,-1.0,2017.0,,3.399981379508972
8018,21455.0,-1.0,2018.0,,
8023,21534.0,-1.0,2016.0,,3.9016775687535605
8030,21534.0,-1.0,2017.0,,3.399981379508972
8042,21534.0,-1.0,2018.0,,
8047,21541.0,-1.0,2017.0,,3.399981379508972
8053,21541.0,-1.0,2018.0,,
8058,21567.0,-1.0,2016.0,3.8138723373413086,3.9192386150360106
8064,21567.0,-1.0,2017.0,3.123836040496826,3.4552104473114014
8071,21709.0,-1.0,2016.0,,3.9016775687535605
8073,21709.0,-1.0,2017.0,,3.399981379508972
8074,21862.0,-1.0,2017.0,,3.399981379508972
8082,22375.0,-1.0,2017.0,,3.399981379508972
8089,22375.0,-1.0,2018.0,,
8094,22421.0,-1.0,2017.0,,3.399981379508972
8098,22731.0,-1.0,2018.0,,
8102,22773.0,-1.0,2017.0,3.2109158039093018,3.437794494628906
8103,22773.0,-1.0,2018.0,,
8107,22790.0,-1.0,2017.0,,3.399981379508972
8108,22790.0,-1.0,2018.0,,
