,market,month,year,zipcode_total_rev
0,0.0,1.0,2012.0,481613.7
1,0.0,1.0,2013.0,455478.0
2,0.0,1.0,2014.0,613707.28
3,0.0,1.0,2015.0,907823.6
4,0.0,1.0,2016.0,294281.0
5,0.0,1.0,2017.0,1220601.4
6,0.0,2.0,2012.0,221508.80000000002
7,0.0,2.0,2013.0,398454.0
8,0.0,2.0,2014.0,357101.0
9,0.0,2.0,2015.0,502347.81
10,0.0,2.0,2016.0,430899.02
11,0.0,2.0,2017.0,231744.05
12,0.0,3.0,2012.0,213944.4
13,0.0,3.0,2013.0,137239.0
14,0.0,3.0,2014.0,156744.0
15,0.0,3.0,2015.0,392882.2
16,0.0,3.0,2016.0,581247.79
17,0.0,3.0,2017.0,1243200.14
18,0.0,4.0,2012.0,210757.4
19,0.0,4.0,2013.0,97130.0
20,0.0,4.0,2014.0,115720.0
21,0.0,4.0,2015.0,333472.83999999997
22,0.0,4.0,2016.0,341092.58
23,0.0,4.0,2017.0,958483.6
24,0.0,5.0,2012.0,376372.15
25,0.0,5.0,2013.0,270849.5
26,0.0,5.0,2014.0,239104.5
27,0.0,5.0,2015.0,172429.41
28,0.0,5.0,2016.0,1482803.81
29,0.0,5.0,2017.0,1075830.1
30,0.0,6.0,2012.0,171468.0
31,0.0,6.0,2013.0,353265.0
32,0.0,6.0,2014.0,265967.5
33,0.0,6.0,2015.0,525779.52
34,0.0,6.0,2016.0,416406.04
35,0.0,6.0,2017.0,1178436.45
36,0.0,7.0,2012.0,319310.7
37,0.0,7.0,2013.0,137451.5
38,0.0,7.0,2014.0,364412.0
39,0.0,7.0,2015.0,630279.5700000001
40,0.0,7.0,2016.0,504474.38
41,0.0,7.0,2017.0,2122796.67
42,0.0,8.0,2012.0,556059.6
43,0.0,8.0,2013.0,227206.0
44,0.0,8.0,2014.0,320489.0
45,0.0,8.0,2015.0,479026.41000000003
46,0.0,8.0,2016.0,991458.81
47,0.0,8.0,2017.0,2744011.23
48,0.0,9.0,2012.0,306214.0
49,0.0,9.0,2013.0,298055.58999999997
50,0.0,9.0,2014.0,325782.20999999996
51,0.0,9.0,2015.0,305453.76
52,0.0,9.0,2016.0,724907.0
53,0.0,9.0,2017.0,4332644.92
54,0.0,10.0,2012.0,444449.0
55,0.0,10.0,2013.0,182136.0
56,0.0,10.0,2014.0,306072.0
57,0.0,10.0,2015.0,344510.89
58,0.0,10.0,2016.0,621518.5
59,0.0,10.0,2017.0,5606805.950000001
60,0.0,11.0,2012.0,340602.0
61,0.0,11.0,2013.0,265041.0
62,0.0,11.0,2014.0,291062.38
63,0.0,11.0,2015.0,724053.5
64,0.0,11.0,2016.0,717288.73
65,0.0,11.0,2017.0,6172957.31
66,0.0,12.0,2012.0,702586.2
67,0.0,12.0,2013.0,410932.0
68,0.0,12.0,2014.0,407493.24
69,0.0,12.0,2015.0,466157.86000000004
70,0.0,12.0,2016.0,467429.49000000005
71,0.0,12.0,2017.0,8926761.540000001
72,2.0,1.0,2012.0,24175522.16
73,2.0,1.0,2013.0,28804573.189999998
74,2.0,1.0,2014.0,8499407.64
75,2.0,1.0,2015.0,7074780.42
76,2.0,1.0,2016.0,114415144.82000001
77,2.0,1.0,2017.0,63431837.77999999
78,2.0,2.0,2012.0,22656716.630000006
79,2.0,2.0,2013.0,26235298.820000004
80,2.0,2.0,2014.0,8340658.7700000005
81,2.0,2.0,2015.0,6127159.779999999
82,2.0,2.0,2016.0,96300379.41999997
83,2.0,2.0,2017.0,69857390.14999999
84,2.0,3.0,2012.0,18086876.719999995
85,2.0,3.0,2013.0,34195934.87000001
86,2.0,3.0,2014.0,4325063.26
87,2.0,3.0,2015.0,7222971.769999999
88,2.0,3.0,2016.0,123964110.20999986
89,2.0,3.0,2017.0,82411579.09000002
90,2.0,4.0,2012.0,19127017.420000006
91,2.0,4.0,2013.0,37980117.35000002
92,2.0,4.0,2014.0,4710131.14
93,2.0,4.0,2015.0,5707284.869999999
94,2.0,4.0,2016.0,98195734.61
95,2.0,4.0,2017.0,70377434.35000001
96,2.0,5.0,2012.0,21543834.52
97,2.0,5.0,2013.0,32459592.99
98,2.0,5.0,2014.0,4705143.390000001
99,2.0,5.0,2015.0,8091734.59
100,2.0,5.0,2016.0,100338622.36000001
101,2.0,5.0,2017.0,88260255.91000003
102,2.0,6.0,2012.0,18412245.459999997
103,2.0,6.0,2013.0,25164143.040000007
104,2.0,6.0,2014.0,4268885.32
105,2.0,6.0,2015.0,7682033.800000001
106,2.0,6.0,2016.0,106304234.79999998
107,2.0,6.0,2017.0,85203351.14000003
108,2.0,7.0,2012.0,28649733.219999995
109,2.0,7.0,2013.0,28034199.759999987
110,2.0,7.0,2014.0,3425456.88
111,2.0,7.0,2015.0,57717086.7
112,2.0,7.0,2016.0,92742581.02999997
113,2.0,7.0,2017.0,71797144.91
114,2.0,8.0,2012.0,28277584.120000016
115,2.0,8.0,2013.0,19519225.53999999
116,2.0,8.0,2014.0,4929411.609999999
117,2.0,8.0,2015.0,90506252.89999996
118,2.0,8.0,2016.0,109218187.51
119,2.0,8.0,2017.0,84388733.31999998
120,2.0,9.0,2012.0,23815224.73
121,2.0,9.0,2013.0,13957314.510000002
122,2.0,9.0,2014.0,5032201.57
123,2.0,9.0,2015.0,104550426.72
124,2.0,9.0,2016.0,94885960.22000009
125,2.0,9.0,2017.0,56565456.61999997
126,2.0,10.0,2012.0,29744582.620000005
127,2.0,10.0,2013.0,12506108.630000003
128,2.0,10.0,2014.0,8161378.129999999
129,2.0,10.0,2015.0,107058118.82999998
130,2.0,10.0,2016.0,102742011.36999997
131,2.0,10.0,2017.0,69252585.15000004
132,2.0,11.0,2012.0,29356558.950000003
133,2.0,11.0,2013.0,11648654.000000002
134,2.0,11.0,2014.0,5321115.130000001
135,2.0,11.0,2015.0,89764418.43999998
136,2.0,11.0,2016.0,88149583.61999996
137,2.0,11.0,2017.0,108539946.70000009
138,2.0,12.0,2012.0,27106780.95000001
139,2.0,12.0,2013.0,8535380.630000003
140,2.0,12.0,2014.0,8428253.419999998
141,2.0,12.0,2015.0,125057908.1899999
142,2.0,12.0,2016.0,86778382.31999998
143,2.0,12.0,2017.0,86821155.03000002
144,3.0,1.0,2012.0,7632648.880000003
145,3.0,1.0,2013.0,9261950.68
146,3.0,1.0,2014.0,5165954.1
147,3.0,1.0,2015.0,543302.8200000001
148,3.0,1.0,2016.0,40802115.36
149,3.0,1.0,2017.0,24209916.759999994
150,3.0,2.0,2012.0,5299685.78
151,3.0,2.0,2013.0,9159522.890000002
152,3.0,2.0,2014.0,5115430.909999999
153,3.0,2.0,2015.0,558698.4400000001
154,3.0,2.0,2016.0,33156796.18999999
155,3.0,2.0,2017.0,25661571.559999995
156,3.0,3.0,2012.0,4890970.83
157,3.0,3.0,2013.0,10371517.93
158,3.0,3.0,2014.0,3492056.76
159,3.0,3.0,2015.0,604867.5900000001
160,3.0,3.0,2016.0,39461827.690000005
161,3.0,3.0,2017.0,32122868.640000008
162,3.0,4.0,2012.0,4617060.15
163,3.0,4.0,2013.0,11382847.180000002
164,3.0,4.0,2014.0,2990796.14
165,3.0,4.0,2015.0,441293.66000000003
166,3.0,4.0,2016.0,33131724.430000003
167,3.0,4.0,2017.0,25757371.16
168,3.0,5.0,2012.0,7471417.370000001
169,3.0,5.0,2013.0,11483800.1
170,3.0,5.0,2014.0,1997008.85
171,3.0,5.0,2015.0,3107338.7600000002
172,3.0,5.0,2016.0,41075968.64000001
173,3.0,5.0,2017.0,34083480.480000004
174,3.0,6.0,2012.0,5642865.8100000005
175,3.0,6.0,2013.0,8418234.72
176,3.0,6.0,2014.0,1981865.4599999997
177,3.0,6.0,2015.0,6605334.12
178,3.0,6.0,2016.0,35897550.269999996
179,3.0,6.0,2017.0,34577928.23
180,3.0,7.0,2012.0,8004190.430000001
181,3.0,7.0,2013.0,7892642.640000001
182,3.0,7.0,2014.0,1624509.1399999997
183,3.0,7.0,2015.0,20968130.099999998
184,3.0,7.0,2016.0,32328291.32999999
185,3.0,7.0,2017.0,26796101.98
186,3.0,8.0,2012.0,9287301.54
187,3.0,8.0,2013.0,6655429.259999999
188,3.0,8.0,2014.0,1338200.5999999999
189,3.0,8.0,2015.0,32279829.359999992
190,3.0,8.0,2016.0,36894184.900000006
191,3.0,8.0,2017.0,30679343.060000002
192,3.0,9.0,2012.0,8925877.21
193,3.0,9.0,2013.0,5433446.329999999
194,3.0,9.0,2014.0,833959.7399999999
195,3.0,9.0,2015.0,36824988.13000001
196,3.0,9.0,2016.0,34574918.3
197,3.0,9.0,2017.0,21843532.880000006
198,3.0,10.0,2012.0,11769867.910000004
199,3.0,10.0,2013.0,5017332.3999999985
200,3.0,10.0,2014.0,1172075.2100000002
201,3.0,10.0,2015.0,38149445.37
202,3.0,10.0,2016.0,35284715.53
203,3.0,10.0,2017.0,28051705.099999998
204,3.0,11.0,2012.0,10380344.819999998
205,3.0,11.0,2013.0,3486441.05
206,3.0,11.0,2014.0,1016435.93
207,3.0,11.0,2015.0,32602760.070000008
208,3.0,11.0,2016.0,31909875.450000003
209,3.0,11.0,2017.0,37930560.06
210,3.0,12.0,2012.0,11341366.849999998
211,3.0,12.0,2013.0,4760468.519999999
212,3.0,12.0,2014.0,1452230.6300000001
213,3.0,12.0,2015.0,47740262.390000015
214,3.0,12.0,2016.0,30914962.300000004
215,3.0,12.0,2017.0,30148870.94
216,4.0,1.0,2012.0,53198019.10999997
217,4.0,1.0,2013.0,65182432.169999994
218,4.0,1.0,2014.0,87895767.87000002
219,4.0,1.0,2015.0,21699367.86
220,4.0,1.0,2016.0,181317867.65000004
221,4.0,1.0,2017.0,113730443.8400001
222,4.0,2.0,2012.0,43442405.54999999
223,4.0,2.0,2013.0,59988008.59
224,4.0,2.0,2014.0,68356733.56
225,4.0,2.0,2015.0,20203337.41
226,4.0,2.0,2016.0,202165929.51999995
227,4.0,2.0,2017.0,105844297.29999994
228,4.0,3.0,2012.0,44569916.07000001
229,4.0,3.0,2013.0,66818723.60000001
230,4.0,3.0,2014.0,63251767.41999998
231,4.0,3.0,2015.0,19622503.75999999
232,4.0,3.0,2016.0,205872004.44000018
233,4.0,3.0,2017.0,117681809.86999995
234,4.0,4.0,2012.0,53018171.39000001
235,4.0,4.0,2013.0,61965983.71999996
236,4.0,4.0,2014.0,63551197.17999996
237,4.0,4.0,2015.0,24521372.479999997
238,4.0,4.0,2016.0,193897456.39999995
239,4.0,4.0,2017.0,113906502.99000004
240,4.0,5.0,2012.0,43817178.58000002
241,4.0,5.0,2013.0,65220235.10000001
242,4.0,5.0,2014.0,59843465.63999999
243,4.0,5.0,2015.0,77895979.00000004
244,4.0,5.0,2016.0,183913944.97
245,4.0,5.0,2017.0,137822807.68000016
246,4.0,6.0,2012.0,47165766.150000006
247,4.0,6.0,2013.0,57259710.36999998
248,4.0,6.0,2014.0,45524485.3
249,4.0,6.0,2015.0,129828181.31
250,4.0,6.0,2016.0,190712603.18000013
251,4.0,6.0,2017.0,155722468.13999996
252,4.0,7.0,2012.0,51264052.60000002
253,4.0,7.0,2013.0,60772583.25
254,4.0,7.0,2014.0,46978290.69999998
255,4.0,7.0,2015.0,149654351.10000005
256,4.0,7.0,2016.0,142322566.43000004
257,4.0,7.0,2017.0,106948676.21000005
258,4.0,8.0,2012.0,56118389.75
259,4.0,8.0,2013.0,58412810.04000002
260,4.0,8.0,2014.0,30972899.879999995
261,4.0,8.0,2015.0,144022405.45000002
262,4.0,8.0,2016.0,173786070.4300001
263,4.0,8.0,2017.0,116300225.62000005
264,4.0,9.0,2012.0,45446654.22999999
265,4.0,9.0,2013.0,59408591.06
266,4.0,9.0,2014.0,28690530.390000004
267,4.0,9.0,2015.0,142786597.38000008
268,4.0,9.0,2016.0,153396504.20999995
269,4.0,9.0,2017.0,106360829.56999996
270,4.0,10.0,2012.0,53631164.400000006
271,4.0,10.0,2013.0,68591337.28000002
272,4.0,10.0,2014.0,26280492.61
273,4.0,10.0,2015.0,160320946.65000004
274,4.0,10.0,2016.0,157199222.15000013
275,4.0,10.0,2017.0,125783573.76000005
276,4.0,11.0,2012.0,48539022.59999999
277,4.0,11.0,2013.0,69047278.95000002
278,4.0,11.0,2014.0,22386660.990000017
279,4.0,11.0,2015.0,164258298.18999988
280,4.0,11.0,2016.0,139606437.83999994
281,4.0,11.0,2017.0,126045241.99000007
282,4.0,12.0,2012.0,45396685.31000001
283,4.0,12.0,2013.0,81538751.47999999
284,4.0,12.0,2014.0,26182292.12
285,4.0,12.0,2015.0,240258554.51
286,4.0,12.0,2016.0,154340249.37999994
287,4.0,12.0,2017.0,128577470.85000004
288,5.0,1.0,2012.0,48970.0
289,5.0,1.0,2014.0,121242.0
290,5.0,1.0,2015.0,86340.0
291,5.0,2.0,2012.0,185695.63
292,5.0,2.0,2014.0,100283.0
293,5.0,3.0,2012.0,131201.46000000002
294,5.0,3.0,2013.0,61000.0
295,5.0,3.0,2014.0,60825.0
296,5.0,3.0,2015.0,158791.7
297,5.0,4.0,2012.0,97964.73
298,5.0,4.0,2013.0,129450.0
299,5.0,4.0,2014.0,123900.0
300,5.0,4.0,2015.0,97365.0
301,5.0,5.0,2012.0,29000.0
302,5.0,5.0,2013.0,53162.0
303,5.0,5.0,2014.0,148465.0
304,5.0,5.0,2015.0,29500.0
305,5.0,6.0,2012.0,72000.0
306,5.0,6.0,2013.0,15000.0
307,5.0,6.0,2014.0,124619.0
308,5.0,6.0,2015.0,65806.0
309,5.0,7.0,2012.0,28000.0
310,5.0,7.0,2013.0,23211.0
311,5.0,7.0,2014.0,216535.3
312,5.0,7.0,2015.0,63100.0
313,5.0,8.0,2012.0,33740.0
314,5.0,8.0,2013.0,112000.0
315,5.0,8.0,2014.0,24331.0
316,5.0,9.0,2014.0,117416.0
317,5.0,9.0,2015.0,44403.0
318,5.0,10.0,2012.0,28900.0
319,5.0,10.0,2013.0,110000.0
320,5.0,10.0,2014.0,113640.0
321,5.0,10.0,2015.0,86533.2
322,5.0,11.0,2013.0,63800.0
323,5.0,11.0,2014.0,22500.0
324,5.0,11.0,2015.0,16601.0
325,5.0,12.0,2012.0,73936.0
326,5.0,12.0,2014.0,105148.2
327,5.0,12.0,2015.0,105697.4
328,6.0,1.0,2012.0,18975459.679999996
329,6.0,1.0,2013.0,26419663.339999996
330,6.0,1.0,2014.0,22801795.679999996
331,6.0,1.0,2015.0,23972934.28
332,6.0,1.0,2016.0,7759729.510000001
333,6.0,1.0,2017.0,42746240.31000001
334,6.0,2.0,2012.0,20518816.679999996
335,6.0,2.0,2013.0,21028687.339999992
336,6.0,2.0,2014.0,14801588.710000003
337,6.0,2.0,2015.0,20909876.310000002
338,6.0,2.0,2016.0,8662407.959999999
339,6.0,2.0,2017.0,58298312.71
340,6.0,3.0,2012.0,23945403.83
341,6.0,3.0,2013.0,27359388.039999995
342,6.0,3.0,2014.0,11664424.190000001
343,6.0,3.0,2015.0,23423024.819999997
344,6.0,3.0,2016.0,5144388.52
345,6.0,3.0,2017.0,39017841.29999999
346,6.0,4.0,2012.0,18194766.810000006
347,6.0,4.0,2013.0,24836693.62999999
348,6.0,4.0,2014.0,15072293.889999999
349,6.0,4.0,2015.0,23817068.090000004
350,6.0,4.0,2016.0,35919475.300000004
351,6.0,4.0,2017.0,48211648.149999976
352,6.0,5.0,2012.0,19159525.44
353,6.0,5.0,2013.0,19508558.780000005
354,6.0,5.0,2014.0,15101360.37
355,6.0,5.0,2015.0,22805662.559999995
356,6.0,5.0,2016.0,4852068257.87
357,6.0,5.0,2017.0,54958164.95999998
358,6.0,6.0,2012.0,22873766.390000004
359,6.0,6.0,2013.0,17580121.36
360,6.0,6.0,2014.0,14683112.249999996
361,6.0,6.0,2015.0,15695151.089999998
362,6.0,6.0,2016.0,56379429.57000001
363,6.0,6.0,2017.0,46609738.84
364,6.0,7.0,2012.0,22290670.05
365,6.0,7.0,2013.0,24980563.67
366,6.0,7.0,2014.0,18067118.549999993
367,6.0,7.0,2015.0,9472056.49
368,6.0,7.0,2016.0,34643182.19
369,6.0,7.0,2017.0,55905416.04000002
370,6.0,8.0,2012.0,25703269.770000003
371,6.0,8.0,2013.0,25011184.359999996
372,6.0,8.0,2014.0,16128617.27
373,6.0,8.0,2015.0,8286199.62
374,6.0,8.0,2016.0,37148886.209999986
375,6.0,8.0,2017.0,47535169.66
376,6.0,9.0,2012.0,22145219.029999997
377,6.0,9.0,2013.0,24315267.189999994
378,6.0,9.0,2014.0,21122223.349999994
379,6.0,9.0,2015.0,5387510.069999999
380,6.0,9.0,2016.0,32312519.175000004
381,6.0,9.0,2017.0,48112579.85000001
382,6.0,10.0,2012.0,30732184.270000003
383,6.0,10.0,2013.0,32100278.33000001
384,6.0,10.0,2014.0,25682616.220000003
385,6.0,10.0,2015.0,4889307.250000001
386,6.0,10.0,2016.0,35779775.63
387,6.0,10.0,2017.0,46328827.54000001
388,6.0,11.0,2012.0,26343974.75
389,6.0,11.0,2013.0,28458631.5
390,6.0,11.0,2014.0,20256494.05
391,6.0,11.0,2015.0,4866933.91
392,6.0,11.0,2016.0,42852393.010000005
393,6.0,11.0,2017.0,47148508.31000001
394,6.0,12.0,2012.0,26189846.239999995
395,6.0,12.0,2013.0,23793908.73
396,6.0,12.0,2014.0,19197167.83
397,6.0,12.0,2015.0,7383597.72
398,6.0,12.0,2016.0,51303956.11999998
399,6.0,12.0,2017.0,54722639.67000002
400,7.0,1.0,2012.0,4212428.92
401,7.0,1.0,2013.0,9742491.62
402,7.0,1.0,2014.0,10219997.49
403,7.0,1.0,2015.0,23515632.779999997
404,7.0,1.0,2016.0,9082094.290000001
405,7.0,1.0,2017.0,10122961.02
406,7.0,2.0,2012.0,6331430.19
407,7.0,2.0,2013.0,5014612.609999999
408,7.0,2.0,2014.0,8881883.300000003
409,7.0,2.0,2015.0,21349008.009999998
410,7.0,2.0,2016.0,10203836.170000002
411,7.0,2.0,2017.0,19901237.090000004
412,7.0,3.0,2012.0,10348074.909999998
413,7.0,3.0,2013.0,9891659.560000002
414,7.0,3.0,2014.0,9037329.379999999
415,7.0,3.0,2015.0,22187095.49
416,7.0,3.0,2016.0,13533575.91
417,7.0,3.0,2017.0,18217878.61
418,7.0,4.0,2012.0,6853195.209999999
419,7.0,4.0,2013.0,9984247.32
420,7.0,4.0,2014.0,10809512.899999999
421,7.0,4.0,2015.0,21846326.16
422,7.0,4.0,2016.0,10883460.04
423,7.0,4.0,2017.0,16311126.890000002
424,7.0,5.0,2012.0,6216535.789999999
425,7.0,5.0,2013.0,6956774.09
426,7.0,5.0,2014.0,11332402.08
427,7.0,5.0,2015.0,19125868.38
428,7.0,5.0,2016.0,13884576.020000001
429,7.0,5.0,2017.0,20437498.860000003
430,7.0,6.0,2012.0,5528478.069999999
431,7.0,6.0,2013.0,7451083.77
432,7.0,6.0,2014.0,9951738.790000001
433,7.0,6.0,2015.0,16086714.0
434,7.0,6.0,2016.0,17418127.0
435,7.0,6.0,2017.0,20270256.23
436,7.0,7.0,2012.0,5228116.900000001
437,7.0,7.0,2013.0,9312415.659999998
438,7.0,7.0,2014.0,14451828.939999998
439,7.0,7.0,2015.0,11274932.700000001
440,7.0,7.0,2016.0,12216880.51
441,7.0,7.0,2017.0,11643750.779999996
442,7.0,8.0,2012.0,8681013.12
443,7.0,8.0,2013.0,14736088.89
444,7.0,8.0,2014.0,12843426.57
445,7.0,8.0,2015.0,14154776.290000001
446,7.0,8.0,2016.0,12152894.66
447,7.0,8.0,2017.0,13432499.689999996
448,7.0,9.0,2012.0,6617814.2299999995
449,7.0,9.0,2013.0,9641380.399999999
450,7.0,9.0,2014.0,17836737.750000004
451,7.0,9.0,2015.0,8606721.98
452,7.0,9.0,2016.0,10029512.799999999
453,7.0,9.0,2017.0,15048473.719999999
454,7.0,10.0,2012.0,8337619.380000001
455,7.0,10.0,2013.0,13666884.039999997
456,7.0,10.0,2014.0,24898341.84
457,7.0,10.0,2015.0,7157132.16
458,7.0,10.0,2016.0,12575398.590000002
459,7.0,10.0,2017.0,13400004.17
460,7.0,11.0,2012.0,6166627.36
461,7.0,11.0,2013.0,11549309.680000003
462,7.0,11.0,2014.0,18930422.630000003
463,7.0,11.0,2015.0,8191009.46
464,7.0,11.0,2016.0,19203626.23
465,7.0,11.0,2017.0,13284052.849999996
466,7.0,12.0,2012.0,8337307.810000001
467,7.0,12.0,2013.0,9265560.46
468,7.0,12.0,2014.0,21540910.83
469,7.0,12.0,2015.0,9439261.920000002
470,7.0,12.0,2016.0,18156390.75
471,7.0,12.0,2017.0,13551400.87
472,10.0,1.0,2012.0,447407.23000000004
473,10.0,1.0,2013.0,799745.7400000001
474,10.0,1.0,2014.0,490602.72
475,10.0,1.0,2015.0,910061.9500000001
476,10.0,1.0,2016.0,1570662.1400000001
477,10.0,2.0,2012.0,1293027.32
478,10.0,2.0,2013.0,884180.8799999999
479,10.0,2.0,2014.0,1305217.2399999998
480,10.0,2.0,2015.0,1628335.2799999998
481,10.0,2.0,2016.0,2256794.06
482,10.0,3.0,2012.0,1035322.1399999999
483,10.0,3.0,2013.0,806973.02
484,10.0,3.0,2014.0,1037699.26
485,10.0,3.0,2015.0,1887513.3900000001
486,10.0,3.0,2016.0,2814786.3899999997
487,10.0,4.0,2012.0,964713.74
488,10.0,4.0,2013.0,1290391.25
489,10.0,4.0,2014.0,974522.7500000001
490,10.0,4.0,2015.0,1446771.83
491,10.0,4.0,2016.0,3438387.42
492,10.0,5.0,2012.0,1139882.6800000002
493,10.0,5.0,2013.0,912233.02
494,10.0,5.0,2014.0,1025573.1699999999
495,10.0,5.0,2015.0,1387968.64
496,10.0,5.0,2016.0,1951201.1600000001
497,10.0,6.0,2012.0,2803646.08
498,10.0,6.0,2013.0,1404542.5199999998
499,10.0,6.0,2014.0,1127331.07
500,10.0,6.0,2015.0,1424361.7200000002
501,10.0,6.0,2016.0,759509.0
502,10.0,7.0,2012.0,945935.3900000001
503,10.0,7.0,2013.0,1531947.9300000002
504,10.0,7.0,2014.0,1831498.17
505,10.0,7.0,2015.0,2518682.3699999996
506,10.0,8.0,2012.0,1189677.2299999997
507,10.0,8.0,2013.0,1943814.1500000001
508,10.0,8.0,2014.0,1722827.75
509,10.0,8.0,2015.0,1919165.0100000002
510,10.0,9.0,2012.0,1382811.34
511,10.0,9.0,2013.0,1694612.15
512,10.0,9.0,2014.0,1626758.3399999999
513,10.0,9.0,2015.0,2392928.28
514,10.0,10.0,2012.0,1055217.62
515,10.0,10.0,2013.0,1869256.9900000002
516,10.0,10.0,2014.0,1353794.5000000002
517,10.0,10.0,2015.0,2603596.4400000004
518,10.0,11.0,2012.0,1773083.7800000003
519,10.0,11.0,2013.0,1389862.25
520,10.0,11.0,2014.0,1891072.4999999998
521,10.0,11.0,2015.0,3285681.9899999998
522,10.0,11.0,2016.0,36370.6
523,10.0,12.0,2012.0,3660422.2600000002
524,10.0,12.0,2013.0,3919987.659999999
525,10.0,12.0,2014.0,5356919.410000002
526,10.0,12.0,2015.0,4778311.2
527,10.0,12.0,2016.0,46938.0
528,11.0,1.0,2012.0,421202.99
529,11.0,1.0,2015.0,390916.32
530,11.0,1.0,2016.0,608452.1799999999
531,11.0,1.0,2017.0,672311.0
532,11.0,2.0,2014.0,61882.0
533,11.0,2.0,2015.0,125348.0
534,11.0,2.0,2016.0,103096.0
535,11.0,2.0,2017.0,264161.0
536,11.0,3.0,2015.0,244909.6
537,11.0,3.0,2016.0,97660.0
538,11.0,3.0,2017.0,508389.0
539,11.0,4.0,2015.0,265630.2
540,11.0,4.0,2016.0,579946.79
541,11.0,4.0,2017.0,346464.0
542,11.0,5.0,2013.0,42297.54
543,11.0,5.0,2014.0,46800.0
544,11.0,5.0,2015.0,326206.9
545,11.0,5.0,2016.0,567267.77
546,11.0,5.0,2017.0,656156.11
547,11.0,6.0,2013.0,78540.0
548,11.0,6.0,2014.0,114642.0
549,11.0,6.0,2015.0,768392.34
550,11.0,6.0,2016.0,1021910.79
551,11.0,6.0,2017.0,1096491.67
552,11.0,7.0,2014.0,208039.3
553,11.0,7.0,2015.0,1478009.16
554,11.0,7.0,2016.0,1049993.83
555,11.0,7.0,2017.0,1119098.62
556,11.0,8.0,2013.0,134916.0
557,11.0,8.0,2014.0,582327.93
558,11.0,8.0,2015.0,1579838.02
559,11.0,8.0,2016.0,1242575.4
560,11.0,8.0,2017.0,1780474.02
561,11.0,9.0,2014.0,884823.8400000001
562,11.0,9.0,2015.0,1115485.8199999998
563,11.0,9.0,2016.0,1805585.93
564,11.0,9.0,2017.0,1597170.43
565,11.0,10.0,2012.0,132608.0
566,11.0,10.0,2014.0,1178089.97
567,11.0,10.0,2015.0,1262251.5499999998
568,11.0,10.0,2016.0,1465783.8299999998
569,11.0,10.0,2017.0,814201.05
570,11.0,11.0,2012.0,83230.0
571,11.0,11.0,2013.0,89000.0
572,11.0,11.0,2014.0,281431.0
573,11.0,11.0,2015.0,1095522.69
574,11.0,11.0,2016.0,1060888.8399999999
575,11.0,11.0,2017.0,1109963.3
576,11.0,12.0,2012.0,18920.0
577,11.0,12.0,2013.0,32213.24
578,11.0,12.0,2014.0,665665.76
579,11.0,12.0,2015.0,1469871.8899999997
580,11.0,12.0,2016.0,849313.9
581,11.0,12.0,2017.0,909404.62
582,12.0,1.0,2012.0,794335.25
583,12.0,1.0,2013.0,56084.0
584,12.0,1.0,2014.0,246692.0
585,12.0,1.0,2015.0,263432.4
586,12.0,1.0,2016.0,137220.0
587,12.0,1.0,2017.0,140291.0
588,12.0,2.0,2012.0,126111.95
589,12.0,2.0,2013.0,154514.26
590,12.0,2.0,2014.0,123014.0
591,12.0,2.0,2015.0,365398.68
592,12.0,2.0,2016.0,229308.0
593,12.0,2.0,2017.0,145399.0
594,12.0,3.0,2012.0,74359.0
595,12.0,3.0,2013.0,46000.0
596,12.0,3.0,2014.0,4274.0
597,12.0,3.0,2015.0,168135.5
598,12.0,3.0,2016.0,610702.76
599,12.0,3.0,2017.0,268372.5
600,12.0,4.0,2012.0,106384.0
601,12.0,4.0,2013.0,73919.62
602,12.0,4.0,2014.0,276500.0
603,12.0,4.0,2015.0,490446.51999999996
604,12.0,4.0,2016.0,680339.56
605,12.0,4.0,2017.0,482817.29
606,12.0,5.0,2012.0,4000.0
607,12.0,5.0,2013.0,284200.3
608,12.0,5.0,2014.0,665574.2
609,12.0,5.0,2015.0,801108.12
610,12.0,5.0,2016.0,824955.0
611,12.0,5.0,2017.0,575648.79
612,12.0,6.0,2013.0,640728.0
613,12.0,6.0,2014.0,1153241.52
614,12.0,6.0,2015.0,764676.6799999999
615,12.0,6.0,2016.0,1302665.12
616,12.0,6.0,2017.0,856287.35
617,12.0,7.0,2013.0,321816.22
618,12.0,7.0,2014.0,717656.0
619,12.0,7.0,2015.0,1002169.56
620,12.0,7.0,2016.0,869771.22
621,12.0,7.0,2017.0,534751.75
622,12.0,8.0,2012.0,474418.94
623,12.0,8.0,2013.0,393372.02
624,12.0,8.0,2014.0,595528.88
625,12.0,8.0,2015.0,386765.4
626,12.0,8.0,2016.0,1014764.5399999999
627,12.0,8.0,2017.0,643701.93
628,12.0,9.0,2012.0,862712.02
629,12.0,9.0,2013.0,643385.02
630,12.0,9.0,2014.0,1080902.38
631,12.0,9.0,2015.0,906069.52
632,12.0,9.0,2016.0,1074589.06
633,12.0,9.0,2017.0,613772.46
634,12.0,10.0,2012.0,1460816.3
635,12.0,10.0,2013.0,1113037.0
636,12.0,10.0,2014.0,1373755.8800000001
637,12.0,10.0,2015.0,1036193.98
638,12.0,10.0,2016.0,1939013.73
639,12.0,10.0,2017.0,860646.27
640,12.0,11.0,2012.0,756280.1200000001
641,12.0,11.0,2013.0,158527.2
642,12.0,11.0,2014.0,334607.46
643,12.0,11.0,2015.0,810005.24
644,12.0,11.0,2016.0,1266425.14
645,12.0,11.0,2017.0,484635.48
646,12.0,12.0,2012.0,978057.2999999999
647,12.0,12.0,2013.0,258544.0
648,12.0,12.0,2014.0,635396.22
649,12.0,12.0,2015.0,1902046.66
650,12.0,12.0,2016.0,1638876.44
651,12.0,12.0,2017.0,294704.59
652,13.0,1.0,2012.0,94949.12
653,13.0,1.0,2014.0,147136.0
654,13.0,1.0,2015.0,98860.0
655,13.0,1.0,2016.0,41510.0
656,13.0,2.0,2013.0,70541.0
657,13.0,2.0,2014.0,41932.0
658,13.0,2.0,2015.0,163186.68
659,13.0,2.0,2016.0,153122.0
660,13.0,2.0,2017.0,71637.0
661,13.0,3.0,2013.0,46000.0
662,13.0,3.0,2014.0,4274.0
663,13.0,3.0,2015.0,44350.0
664,13.0,3.0,2016.0,155794.0
665,13.0,3.0,2017.0,104112.5
666,13.0,4.0,2015.0,227918.91999999998
667,13.0,4.0,2016.0,145938.0
668,13.0,4.0,2017.0,86003.0
669,13.0,5.0,2013.0,72530.0
670,13.0,5.0,2014.0,84922.0
671,13.0,5.0,2015.0,290036.52
672,13.0,5.0,2016.0,294762.0
673,13.0,5.0,2017.0,219388.1
674,13.0,6.0,2013.0,159604.0
675,13.0,6.0,2014.0,372780.62
676,13.0,6.0,2015.0,171958.0
677,13.0,6.0,2016.0,343668.0
678,13.0,6.0,2017.0,195599.97999999998
679,13.0,7.0,2013.0,107512.0
680,13.0,7.0,2014.0,251760.0
681,13.0,7.0,2015.0,412289.76
682,13.0,7.0,2016.0,220033.7
683,13.0,7.0,2017.0,236098.94
684,13.0,8.0,2012.0,108107.1
685,13.0,8.0,2013.0,190412.8
686,13.0,8.0,2014.0,267200.44
687,13.0,8.0,2015.0,44242.0
688,13.0,8.0,2016.0,499340.6
689,13.0,8.0,2017.0,199289.53999999998
690,13.0,9.0,2012.0,147370.0
691,13.0,9.0,2013.0,323039.78
692,13.0,9.0,2014.0,444422.4
693,13.0,9.0,2015.0,322012.45999999996
694,13.0,9.0,2016.0,369153.06
695,13.0,9.0,2017.0,326064.32
696,13.0,10.0,2012.0,798449.0800000001
697,13.0,10.0,2013.0,542455.0
698,13.0,10.0,2014.0,570878.0
699,13.0,10.0,2015.0,445352.24
700,13.0,10.0,2016.0,831347.77
701,13.0,10.0,2017.0,275712.5
702,13.0,11.0,2012.0,236717.0
703,13.0,11.0,2013.0,46394.6
704,13.0,11.0,2014.0,123181.96
705,13.0,11.0,2015.0,242801.24
706,13.0,11.0,2016.0,587922.8200000001
707,13.0,11.0,2017.0,133990.88
708,13.0,12.0,2012.0,199421.52000000002
709,13.0,12.0,2013.0,150388.0
710,13.0,12.0,2014.0,160981.8
711,13.0,12.0,2015.0,561774.6
712,13.0,12.0,2016.0,575899.3
713,13.0,12.0,2017.0,153826.79
714,15.0,1.0,2012.0,452489.0
715,15.0,1.0,2013.0,278355.0
716,15.0,1.0,2014.0,86973.88
717,15.0,2.0,2012.0,253079.0
718,15.0,2.0,2013.0,155042.0
719,15.0,3.0,2012.0,90858.0
720,15.0,3.0,2013.0,30000.0
721,15.0,4.0,2012.0,14250.0
722,15.0,4.0,2013.0,88360.0
723,15.0,5.0,2012.0,416896.5
724,15.0,5.0,2013.0,381499.32
725,15.0,6.0,2012.0,184290.84
726,15.0,6.0,2013.0,176425.0
727,15.0,7.0,2012.0,414032.0
728,15.0,7.0,2013.0,122000.0
729,15.0,8.0,2012.0,161709.0
730,15.0,8.0,2013.0,416519.0
731,15.0,9.0,2012.0,132770.0
732,15.0,9.0,2013.0,406763.0
733,15.0,10.0,2012.0,464860.0
734,15.0,10.0,2013.0,410630.03
735,15.0,11.0,2012.0,111200.0
736,15.0,11.0,2013.0,528071.0
737,15.0,12.0,2012.0,169376.82
738,15.0,12.0,2013.0,63525.0
739,17.0,1.0,2012.0,6091255.939999999
740,17.0,1.0,2013.0,6432692.7700000005
741,17.0,1.0,2014.0,12050928.29
742,17.0,1.0,2015.0,77918530.90000002
743,17.0,1.0,2016.0,62859316.11
744,17.0,1.0,2017.0,51100319.23999999
745,17.0,2.0,2012.0,5183464.019999999
746,17.0,2.0,2013.0,7867526.45
747,17.0,2.0,2014.0,12209708.34
748,17.0,2.0,2015.0,62833835.940000035
749,17.0,2.0,2016.0,70761049.64
750,17.0,2.0,2017.0,42041826.76
751,17.0,3.0,2012.0,5989147.43
752,17.0,3.0,2013.0,10474849.609999998
753,17.0,3.0,2014.0,18480529.59
754,17.0,3.0,2015.0,76721077.00000001
755,17.0,3.0,2016.0,88672746.06000002
756,17.0,3.0,2017.0,45851587.46999999
757,17.0,4.0,2012.0,4776763.2299999995
758,17.0,4.0,2013.0,11629681.129999997
759,17.0,4.0,2014.0,21032380.319999997
760,17.0,4.0,2015.0,67599291.82999998
761,17.0,4.0,2016.0,84986225.06000006
762,17.0,4.0,2017.0,47255610.540000014
763,17.0,5.0,2012.0,5021474.220000001
764,17.0,5.0,2013.0,10961796.449999996
765,17.0,5.0,2014.0,20741302.86
766,17.0,5.0,2015.0,65526468.68000005
767,17.0,5.0,2016.0,84026451.80000001
768,17.0,5.0,2017.0,53982880.66000002
769,17.0,6.0,2012.0,5241063.71
770,17.0,6.0,2013.0,10669935.949999997
771,17.0,6.0,2014.0,25486264.97
772,17.0,6.0,2015.0,60076190.41
773,17.0,6.0,2016.0,55200118.86
774,17.0,6.0,2017.0,46743368.37000001
775,17.0,7.0,2012.0,8422722.500000002
776,17.0,7.0,2013.0,10487869.420000002
777,17.0,7.0,2014.0,24057051.750000004
778,17.0,7.0,2015.0,51279095.04000001
779,17.0,7.0,2016.0,68372426.94999996
780,17.0,7.0,2017.0,36199083.72000001
781,17.0,8.0,2012.0,8103271.579999999
782,17.0,8.0,2013.0,9518847.32
783,17.0,8.0,2014.0,27034510.1
784,17.0,8.0,2015.0,70557518.19000001
785,17.0,8.0,2016.0,86597640.46
786,17.0,8.0,2017.0,31176759.270000003
787,17.0,9.0,2012.0,8472458.720000003
788,17.0,9.0,2013.0,15840810.195
789,17.0,9.0,2014.0,37067497.41000001
790,17.0,9.0,2015.0,74826264.16000003
791,17.0,9.0,2016.0,41416032.89999999
792,17.0,9.0,2017.0,29387963.500000004
793,17.0,10.0,2012.0,9705632.629999999
794,17.0,10.0,2013.0,19580443.609999996
795,17.0,10.0,2014.0,69988169.82000001
796,17.0,10.0,2015.0,71716144.14
797,17.0,10.0,2016.0,65048773.500000045
798,17.0,10.0,2017.0,37088822.22000001
799,17.0,11.0,2012.0,8768917.999999998
800,17.0,11.0,2013.0,21547133.61
801,17.0,11.0,2014.0,56932788.95999998
802,17.0,11.0,2015.0,69940719.08999997
803,17.0,11.0,2016.0,56619627.65000002
804,17.0,11.0,2017.0,33797801.31999998
805,17.0,12.0,2012.0,16611619.55
806,17.0,12.0,2013.0,25591168.725000013
807,17.0,12.0,2014.0,62531371.530000016
808,17.0,12.0,2015.0,74637778.68999997
809,17.0,12.0,2016.0,55490596.010000035
810,17.0,12.0,2017.0,28952994.67000001
811,20.0,1.0,2012.0,758579.25
812,20.0,1.0,2013.0,78225.0
813,20.0,1.0,2014.0,328434.35
814,20.0,1.0,2015.0,4328740.03
815,20.0,1.0,2016.0,5801610.109999999
816,20.0,1.0,2017.0,3082171.29
817,20.0,2.0,2012.0,851974.24
818,20.0,2.0,2013.0,525366.45
819,20.0,2.0,2014.0,766592.97
820,20.0,2.0,2015.0,4806227.649999999
821,20.0,2.0,2016.0,6294745.030000001
822,20.0,2.0,2017.0,2859889.0400000005
823,20.0,3.0,2012.0,437855.97
824,20.0,3.0,2013.0,751016.05
825,20.0,3.0,2014.0,809405.61
826,20.0,3.0,2015.0,5230050.359999999
827,20.0,3.0,2016.0,5977395.519999999
828,20.0,3.0,2017.0,2259351.6799999997
829,20.0,4.0,2012.0,492846.35
830,20.0,4.0,2013.0,782966.2399999999
831,20.0,4.0,2014.0,1311115.0
832,20.0,4.0,2015.0,4735142.3900000015
833,20.0,4.0,2016.0,5180770.71
834,20.0,4.0,2017.0,1754372.78
835,20.0,5.0,2012.0,751839.8999999999
836,20.0,5.0,2013.0,896525.2999999999
837,20.0,5.0,2014.0,1546003.7900000003
838,20.0,5.0,2015.0,4791363.239999999
839,20.0,5.0,2016.0,5371992.940000001
840,20.0,5.0,2017.0,2648143.23
841,20.0,6.0,2012.0,611037.96
842,20.0,6.0,2013.0,1548623.95
843,20.0,6.0,2014.0,1993804.76
844,20.0,6.0,2015.0,5243479.68
845,20.0,6.0,2016.0,4529066.24
846,20.0,6.0,2017.0,2867979.55
847,20.0,7.0,2012.0,1092311.8599999999
848,20.0,7.0,2013.0,1674653.14
849,20.0,7.0,2014.0,1512555.0
850,20.0,7.0,2015.0,4697362.48
851,20.0,7.0,2016.0,3541005.97
852,20.0,7.0,2017.0,2842626.97
853,20.0,8.0,2012.0,1170602.03
854,20.0,8.0,2013.0,921473.9500000001
855,20.0,8.0,2014.0,3956615.02
856,20.0,8.0,2015.0,5745325.619999999
857,20.0,8.0,2016.0,5418660.7700000005
858,20.0,8.0,2017.0,2950771.22
859,20.0,9.0,2012.0,1069462.4699999997
860,20.0,9.0,2013.0,941586.78
861,20.0,9.0,2014.0,2605491.28
862,20.0,9.0,2015.0,6449693.039999998
863,20.0,9.0,2016.0,2259617.8600000003
864,20.0,9.0,2017.0,2514226.41
865,20.0,10.0,2012.0,1670529.85
866,20.0,10.0,2013.0,1119251.47
867,20.0,10.0,2014.0,3375225.100000001
868,20.0,10.0,2015.0,6099076.779999998
869,20.0,10.0,2016.0,3118460.3899999997
870,20.0,10.0,2017.0,3138196.5199999996
871,20.0,11.0,2012.0,1156808.28
872,20.0,11.0,2013.0,1898107.4200000002
873,20.0,11.0,2014.0,3666166.7600000002
874,20.0,11.0,2015.0,7864143.949999998
875,20.0,11.0,2016.0,4054748.840000001
876,20.0,11.0,2017.0,2797281.82
877,20.0,12.0,2012.0,3267344.7
878,20.0,12.0,2013.0,3613825.47
879,20.0,12.0,2014.0,4930925.29
880,20.0,12.0,2015.0,6020468.549999999
881,20.0,12.0,2016.0,3033405.9800000004
882,20.0,12.0,2017.0,2851310.9499999997
883,25.0,1.0,2012.0,166823.0
884,25.0,1.0,2013.0,64588.0
885,25.0,1.0,2014.0,138290.0
886,25.0,1.0,2015.0,117630.0
887,25.0,1.0,2016.0,186670.0
888,25.0,1.0,2017.0,658845.0
889,25.0,2.0,2012.0,30000.0
890,25.0,2.0,2013.0,28224.0
891,25.0,2.0,2014.0,22750.0
892,25.0,2.0,2015.0,149445.0
893,25.0,2.0,2016.0,449455.0
894,25.0,2.0,2017.0,862313.5
895,25.0,3.0,2012.0,175256.0
896,25.0,3.0,2013.0,29000.0
897,25.0,3.0,2015.0,206849.0
898,25.0,3.0,2016.0,256142.4
899,25.0,3.0,2017.0,774507.5
900,25.0,4.0,2012.0,52000.0
901,25.0,4.0,2013.0,24183.74
902,25.0,4.0,2014.0,104144.0
903,25.0,4.0,2015.0,74283.68
904,25.0,4.0,2016.0,234591.4
905,25.0,4.0,2017.0,909851.35
906,25.0,5.0,2012.0,145502.0
907,25.0,5.0,2013.0,86141.0
908,25.0,5.0,2014.0,67299.0
909,25.0,5.0,2015.0,36555.0
910,25.0,5.0,2016.0,228330.71
911,25.0,5.0,2017.0,597915.95
912,25.0,6.0,2012.0,50500.0
913,25.0,6.0,2013.0,24654.37
914,25.0,6.0,2014.0,155684.0
915,25.0,6.0,2015.0,169993.0
916,25.0,6.0,2016.0,288722.8
917,25.0,6.0,2017.0,596325.4
918,25.0,7.0,2012.0,17600.0
919,25.0,7.0,2013.0,29000.0
920,25.0,7.0,2014.0,65169.5
921,25.0,7.0,2015.0,112042.0
922,25.0,7.0,2016.0,378773.5
923,25.0,7.0,2017.0,946085.2000000001
924,25.0,8.0,2012.0,56785.59
925,25.0,8.0,2013.0,74477.5
926,25.0,8.0,2014.0,22275.0
927,25.0,8.0,2015.0,244760.0
928,25.0,8.0,2016.0,445190.9
929,25.0,8.0,2017.0,491575.64
930,25.0,9.0,2014.0,40405.0
931,25.0,9.0,2015.0,228287.37
932,25.0,9.0,2016.0,574074.0
933,25.0,9.0,2017.0,426283.31
934,25.0,10.0,2013.0,25000.0
935,25.0,10.0,2014.0,92653.28
936,25.0,10.0,2015.0,147645.0
937,25.0,10.0,2016.0,432447.0
938,25.0,10.0,2017.0,820506.19
939,25.0,11.0,2012.0,59065.0
940,25.0,11.0,2013.0,115119.0
941,25.0,11.0,2014.0,137640.0
942,25.0,11.0,2015.0,190847.0
943,25.0,11.0,2016.0,558904.0
944,25.0,11.0,2017.0,1070740.66
945,25.0,12.0,2012.0,127139.0
946,25.0,12.0,2013.0,124072.5
947,25.0,12.0,2014.0,211110.0
948,25.0,12.0,2015.0,167622.0
949,25.0,12.0,2016.0,1060385.0
950,25.0,12.0,2017.0,1311470.93
951,28.0,2.0,2012.0,183870.81
952,28.0,4.0,2012.0,192542.0
953,28.0,5.0,2012.0,81631.0
954,28.0,6.0,2012.0,474907.59
955,28.0,6.0,2013.0,32000.0
956,28.0,7.0,2012.0,700702.16
957,28.0,8.0,2012.0,647690.73
958,28.0,9.0,2012.0,335884.52
959,28.0,10.0,2012.0,348887.0
960,29.0,2.0,2012.0,80356.75
961,29.0,2.0,2013.0,26470.0
962,29.0,4.0,2012.0,211273.0
963,29.0,4.0,2013.0,30000.0
964,29.0,5.0,2012.0,103571.0
965,29.0,6.0,2012.0,315927.63
966,29.0,6.0,2013.0,63500.0
967,29.0,7.0,2012.0,478314.48
968,29.0,8.0,2012.0,476756.75
969,29.0,8.0,2013.0,45500.0
970,29.0,9.0,2012.0,253746.52000000002
971,29.0,10.0,2012.0,210935.0
972,29.0,11.0,2012.0,139300.0
973,29.0,12.0,2013.0,71862.5
974,30.0,1.0,2012.0,17497.14
975,30.0,3.0,2016.0,29000.0
976,30.0,6.0,2012.0,15425.0
977,30.0,7.0,2012.0,54012.25
978,30.0,8.0,2012.0,53767.0
979,30.0,10.0,2012.0,32000.0
980,31.0,1.0,2012.0,1197199.69
981,31.0,1.0,2013.0,1146496.3199999998
982,31.0,1.0,2014.0,1046571.52
983,31.0,1.0,2015.0,1223542.25
984,31.0,1.0,2016.0,3506169.1200000006
985,31.0,1.0,2017.0,9916458.499999998
986,31.0,2.0,2012.0,947915.9
987,31.0,2.0,2013.0,501101.37
988,31.0,2.0,2014.0,1354370.9600000002
989,31.0,2.0,2015.0,1650716.14
990,31.0,2.0,2016.0,10877722.659999998
991,31.0,2.0,2017.0,10082544.979999999
992,31.0,3.0,2012.0,726394.46
993,31.0,3.0,2013.0,649182.28
994,31.0,3.0,2014.0,680018.6199999999
995,31.0,3.0,2015.0,1336912.6500000001
996,31.0,3.0,2016.0,13636331.35
997,31.0,3.0,2017.0,8340379.000000002
998,31.0,4.0,2012.0,152214.69
999,31.0,4.0,2013.0,380133.14
1000,31.0,4.0,2014.0,1083840.19
1001,31.0,4.0,2015.0,1218138.0200000003
1002,31.0,4.0,2016.0,11340453.0
1003,31.0,4.0,2017.0,5235065.579999999
1004,31.0,5.0,2012.0,1158880.36
1005,31.0,5.0,2013.0,811054.55
1006,31.0,5.0,2014.0,918328.27
1007,31.0,5.0,2015.0,1380701.9000000001
1008,31.0,5.0,2016.0,11082739.800000004
1009,31.0,5.0,2017.0,8364817.779999998
1010,31.0,6.0,2012.0,812625.9
1011,31.0,6.0,2013.0,636974.55
1012,31.0,6.0,2014.0,1447691.85
1013,31.0,6.0,2015.0,1322609.6300000001
1014,31.0,6.0,2016.0,11039694.520000001
1015,31.0,6.0,2017.0,9623461.61
1016,31.0,7.0,2012.0,967263.0900000001
1017,31.0,7.0,2013.0,891162.5699999998
1018,31.0,7.0,2014.0,1434315.5200000003
1019,31.0,7.0,2015.0,1717409.06
1020,31.0,7.0,2016.0,9299273.709999999
1021,31.0,7.0,2017.0,5749270.03
1022,31.0,8.0,2012.0,423657.0
1023,31.0,8.0,2013.0,1367928.91
1024,31.0,8.0,2014.0,1681357.92
1025,31.0,8.0,2015.0,1600233.35
1026,31.0,8.0,2016.0,7352290.799999999
1027,31.0,8.0,2017.0,5510038.669999999
1028,31.0,9.0,2012.0,1397170.9400000004
1029,31.0,9.0,2013.0,1070348.79
1030,31.0,9.0,2014.0,1984775.49
1031,31.0,9.0,2015.0,2102659.4399999995
1032,31.0,9.0,2016.0,8362463.06
1033,31.0,9.0,2017.0,5869367.63
1034,31.0,10.0,2012.0,597078.08
1035,31.0,10.0,2013.0,1791661.6700000002
1036,31.0,10.0,2014.0,1338502.31
1037,31.0,10.0,2015.0,2275397.1499999994
1038,31.0,10.0,2016.0,8217992.82
1039,31.0,10.0,2017.0,7735548.319999999
1040,31.0,11.0,2012.0,683617.56
1041,31.0,11.0,2013.0,1708294.3200000003
1042,31.0,11.0,2014.0,1251025.25
1043,31.0,11.0,2015.0,2066864.4299999997
1044,31.0,11.0,2016.0,9877767.340000002
1045,31.0,11.0,2017.0,6886104.74
1046,31.0,12.0,2012.0,770446.25
1047,31.0,12.0,2013.0,2028245.25
1048,31.0,12.0,2014.0,1501659.7999999998
1049,31.0,12.0,2015.0,2191381.26
1050,31.0,12.0,2016.0,9564108.21
1051,31.0,12.0,2017.0,4501313.4399999995
1052,33.0,1.0,2012.0,2628906.06
1053,33.0,1.0,2013.0,560945.0
1054,33.0,1.0,2014.0,174993.0
1055,33.0,1.0,2015.0,401464.0
1056,33.0,1.0,2016.0,502330.0
1057,33.0,1.0,2017.0,263868.0
1058,33.0,2.0,2012.0,1324648.99
1059,33.0,2.0,2013.0,634890.8
1060,33.0,2.0,2014.0,198369.59999999998
1061,33.0,2.0,2016.0,302124.0
1062,33.0,2.0,2017.0,406726.0
1063,33.0,3.0,2012.0,1799799.1000000003
1064,33.0,3.0,2013.0,456323.0
1065,33.0,3.0,2014.0,176260.0
1066,33.0,3.0,2015.0,469598.36
1067,33.0,3.0,2016.0,900399.0
1068,33.0,3.0,2017.0,189405.0
1069,33.0,4.0,2012.0,1785358.6500000001
1070,33.0,4.0,2013.0,493439.0
1071,33.0,4.0,2014.0,438348.0
1072,33.0,4.0,2015.0,622930.0
1073,33.0,4.0,2016.0,245874.0
1074,33.0,4.0,2017.0,105052.0
1075,33.0,5.0,2012.0,1071939.62
1076,33.0,5.0,2013.0,1020083.2500000001
1077,33.0,5.0,2014.0,281126.5
1078,33.0,5.0,2015.0,309235.5
1079,33.0,5.0,2016.0,383488.0
1080,33.0,5.0,2017.0,62000.0
1081,33.0,6.0,2012.0,1220671.83
1082,33.0,6.0,2013.0,873946.66
1083,33.0,6.0,2014.0,98519.5
1084,33.0,6.0,2015.0,176862.0
1085,33.0,6.0,2016.0,174742.0
1086,33.0,6.0,2017.0,188365.0
1087,33.0,7.0,2012.0,1251895.0899999999
1088,33.0,7.0,2013.0,602483.5
1089,33.0,7.0,2014.0,207829.83000000002
1090,33.0,7.0,2015.0,696290.0
1091,33.0,7.0,2017.0,145611.0
1092,33.0,8.0,2012.0,1090052.96
1093,33.0,8.0,2013.0,1047049.93
1094,33.0,8.0,2014.0,224835.0
1095,33.0,8.0,2015.0,79455.0
1096,33.0,8.0,2016.0,658024.0
1097,33.0,8.0,2017.0,183027.0
1098,33.0,9.0,2012.0,761053.13
1099,33.0,9.0,2013.0,548792.26
1100,33.0,9.0,2014.0,165074.0
1101,33.0,9.0,2015.0,27724.0
1102,33.0,9.0,2016.0,95980.0
1103,33.0,9.0,2017.0,307773.0
1104,33.0,10.0,2012.0,960108.6
1105,33.0,10.0,2013.0,301330.66000000003
1106,33.0,10.0,2014.0,343307.0
1107,33.0,10.0,2015.0,852132.0
1108,33.0,10.0,2016.0,331692.0
1109,33.0,10.0,2017.0,206234.0
1110,33.0,11.0,2012.0,947188.57
1111,33.0,11.0,2013.0,669300.15
1112,33.0,11.0,2014.0,24875.0
1113,33.0,11.0,2015.0,551647.0
1114,33.0,11.0,2016.0,99287.0
1115,33.0,11.0,2017.0,158701.0
1116,33.0,12.0,2012.0,696216.2000000001
1117,33.0,12.0,2013.0,978725.75
1118,33.0,12.0,2014.0,345817.0
1119,33.0,12.0,2015.0,208673.0
1120,33.0,12.0,2016.0,472411.0
1121,33.0,12.0,2017.0,32208.0
1122,34.0,1.0,2012.0,6060774.970000001
1123,34.0,1.0,2013.0,3688255.87
1124,34.0,1.0,2014.0,6617853.94
1125,34.0,1.0,2015.0,46021611.19999999
1126,34.0,1.0,2016.0,20810141.69
1127,34.0,1.0,2017.0,31071113.590000022
1128,34.0,2.0,2012.0,4595122.22
1129,34.0,2.0,2013.0,5061417.609999999
1130,34.0,2.0,2014.0,6486564.200000001
1131,34.0,2.0,2015.0,37051613.41
1132,34.0,2.0,2016.0,31889250.350000013
1133,34.0,2.0,2017.0,25136301.44999999
1134,34.0,3.0,2012.0,5168935.64
1135,34.0,3.0,2013.0,5400701.33
1136,34.0,3.0,2014.0,10990466.260000002
1137,34.0,3.0,2015.0,44330182.74
1138,34.0,3.0,2016.0,47181423.82999997
1139,34.0,3.0,2017.0,27269533.669999994
1140,34.0,4.0,2012.0,3721910.9200000004
1141,34.0,4.0,2013.0,6422911.039999999
1142,34.0,4.0,2014.0,13078705.48
1143,34.0,4.0,2015.0,37819717.47000001
1144,34.0,4.0,2016.0,45812184.44999999
1145,34.0,4.0,2017.0,29559989.590000004
1146,34.0,5.0,2012.0,4166707.0399999996
1147,34.0,5.0,2013.0,5996912.849999999
1148,34.0,5.0,2014.0,11348518.260000002
1149,34.0,5.0,2015.0,36816319.269999996
1150,34.0,5.0,2016.0,48283670.91000001
1151,34.0,5.0,2017.0,31647315.07999999
1152,34.0,6.0,2012.0,3733434.3000000003
1153,34.0,6.0,2013.0,5712717.48
1154,34.0,6.0,2014.0,16243002.130000003
1155,34.0,6.0,2015.0,27148078.470000003
1156,34.0,6.0,2016.0,25965466.76999999
1157,34.0,6.0,2017.0,24061735.279999994
1158,34.0,7.0,2012.0,4640015.66
1159,34.0,7.0,2013.0,4506814.630000001
1160,34.0,7.0,2014.0,12990978.950000001
1161,34.0,7.0,2015.0,20671606.14
1162,34.0,7.0,2016.0,35480526.39000001
1163,34.0,7.0,2017.0,19855784.13
1164,34.0,8.0,2012.0,4825843.95
1165,34.0,8.0,2013.0,5998264.31
1166,34.0,8.0,2014.0,13231402.08
1167,34.0,8.0,2015.0,31066382.59
1168,34.0,8.0,2016.0,48334362.019999996
1169,34.0,8.0,2017.0,15342767.71
1170,34.0,9.0,2012.0,5398662.100000001
1171,34.0,9.0,2013.0,8225666.13
1172,34.0,9.0,2014.0,21468754.709999997
1173,34.0,9.0,2015.0,29580410.740000002
1174,34.0,9.0,2016.0,17459169.520000003
1175,34.0,9.0,2017.0,13885424.160000008
1176,34.0,10.0,2012.0,4797920.68
1177,34.0,10.0,2013.0,12072899.849999998
1178,34.0,10.0,2014.0,41244439.40999999
1179,34.0,10.0,2015.0,30904197.36000001
1180,34.0,10.0,2016.0,38768621.10000002
1181,34.0,10.0,2017.0,20049412.770000007
1182,34.0,11.0,2012.0,4100405.01
1183,34.0,11.0,2013.0,14155257.739999998
1184,34.0,11.0,2014.0,31586201.560000002
1185,34.0,11.0,2015.0,29897758.859999996
1186,34.0,11.0,2016.0,29991130.540000007
1187,34.0,11.0,2017.0,15918657.680000002
1188,34.0,12.0,2012.0,9115335.430000002
1189,34.0,12.0,2013.0,16709878.069999998
1190,34.0,12.0,2014.0,31792384.450000007
1191,34.0,12.0,2015.0,36337587.78
1192,34.0,12.0,2016.0,30351518.70000001
1193,34.0,12.0,2017.0,13987623.340000005
1194,35.0,1.0,2012.0,5612903.01
1195,35.0,1.0,2013.0,6094876.48
1196,35.0,1.0,2014.0,11317375.639999999
1197,35.0,1.0,2015.0,69803691.31
1198,35.0,1.0,2016.0,51801426.35000002
1199,35.0,1.0,2017.0,46723507.32999999
1200,35.0,2.0,2012.0,4793045.67
1201,35.0,2.0,2013.0,7507430.3100000005
1202,35.0,2.0,2014.0,11031021.74
1203,35.0,2.0,2015.0,56782637.32000003
1204,35.0,2.0,2016.0,62378934.87999999
1205,35.0,2.0,2017.0,38659792.16000001
1206,35.0,3.0,2012.0,5292790.46
1207,35.0,3.0,2013.0,9841255.149999997
1208,35.0,3.0,2014.0,17397991.330000002
1209,35.0,3.0,2015.0,69931560.45000002
1210,35.0,3.0,2016.0,82105667.04000002
1211,35.0,3.0,2017.0,41820745.62
1212,35.0,4.0,2012.0,4574037.910000001
1213,35.0,4.0,2013.0,10937432.909999998
1214,35.0,4.0,2014.0,19484969.290000003
1215,35.0,4.0,2015.0,60857420.44999998
1216,35.0,4.0,2016.0,76771034.23000005
1217,35.0,4.0,2017.0,43364313.49000001
1218,35.0,5.0,2012.0,4510007.25
1219,35.0,5.0,2013.0,9704595.089999998
1220,35.0,5.0,2014.0,18947768.309999995
1221,35.0,5.0,2015.0,60333547.360000044
1222,35.0,5.0,2016.0,75480131.97000006
1223,35.0,5.0,2017.0,47611065.43000002
1224,35.0,6.0,2012.0,4513195.100000001
1225,35.0,6.0,2013.0,9554212.699999997
1226,35.0,6.0,2014.0,23764115.86
1227,35.0,6.0,2015.0,54308418.51999998
1228,35.0,6.0,2016.0,49374169.10999999
1229,35.0,6.0,2017.0,41247482.76
1230,35.0,7.0,2012.0,7742029.84
1231,35.0,7.0,2013.0,9287802.809999999
1232,35.0,7.0,2014.0,22291588.280000005
1233,35.0,7.0,2015.0,46297051.68000001
1234,35.0,7.0,2016.0,60716683.80999997
1235,35.0,7.0,2017.0,31554798.509999994
1236,35.0,8.0,2012.0,7335739.249999999
1237,35.0,8.0,2013.0,8946879.91
1238,35.0,8.0,2014.0,25232349.470000003
1239,35.0,8.0,2015.0,62415876.10000002
1240,35.0,8.0,2016.0,77834362.84
1241,35.0,8.0,2017.0,27783771.750000007
1242,35.0,9.0,2012.0,7554817.460000001
1243,35.0,9.0,2013.0,14345766.450000001
1244,35.0,9.0,2014.0,34615902.22999999
1245,35.0,9.0,2015.0,64354465.570000015
1246,35.0,9.0,2016.0,38139708.74000001
1247,35.0,9.0,2017.0,25594450.11000001
1248,35.0,10.0,2012.0,9155029.100000001
1249,35.0,10.0,2013.0,17725488.229999997
1250,35.0,10.0,2014.0,61725997.83000001
1251,35.0,10.0,2015.0,66859759.08000002
1252,35.0,10.0,2016.0,60824268.79000003
1253,35.0,10.0,2017.0,32509922.49
1254,35.0,11.0,2012.0,7821083.869999999
1255,35.0,11.0,2013.0,20187736.92
1256,35.0,11.0,2014.0,49757321.37999999
1257,35.0,11.0,2015.0,61814748.41
1258,35.0,11.0,2016.0,51264462.94000002
1259,35.0,11.0,2017.0,29426468.829999987
1260,35.0,12.0,2012.0,15185173.46
1261,35.0,12.0,2013.0,22869083.04500001
1262,35.0,12.0,2014.0,55117845.72000002
1263,35.0,12.0,2015.0,69355676.58999997
1264,35.0,12.0,2016.0,48973086.709999986
1265,35.0,12.0,2017.0,25233758.769999996
1266,36.0,1.0,2012.0,8086263.009999999
1267,36.0,1.0,2013.0,14555149.580000002
1268,36.0,1.0,2014.0,14568218.950000001
1269,36.0,1.0,2015.0,50016325.600000024
1270,36.0,1.0,2016.0,106376002.94999993
1271,36.0,1.0,2017.0,43502190.459999986
1272,36.0,2.0,2012.0,7013860.989999999
1273,36.0,2.0,2013.0,10253227.780000001
1274,36.0,2.0,2014.0,14540482.889999999
1275,36.0,2.0,2015.0,47212042.20000002
1276,36.0,2.0,2016.0,77831586.57999995
1277,36.0,2.0,2017.0,31540260.769999992
1278,36.0,3.0,2012.0,6735229.510000001
1279,36.0,3.0,2013.0,12695921.33
1280,36.0,3.0,2014.0,17579761.609999996
1281,36.0,3.0,2015.0,61724853.250000015
1282,36.0,3.0,2016.0,95467909.98
1283,36.0,3.0,2017.0,36978534.04
1284,36.0,4.0,2012.0,5846508.47
1285,36.0,4.0,2013.0,16531157.28
1286,36.0,4.0,2014.0,23412694.85
1287,36.0,4.0,2015.0,65689791.91000002
1288,36.0,4.0,2016.0,76570804.02000001
1289,36.0,4.0,2017.0,29991268.279999997
1290,36.0,5.0,2012.0,7562362.380000001
1291,36.0,5.0,2013.0,14826486.295
1292,36.0,5.0,2014.0,19264930.599999998
1293,36.0,5.0,2015.0,75706037.05999997
1294,36.0,5.0,2016.0,82441835.06999998
1295,36.0,5.0,2017.0,35684798.380000025
1296,36.0,6.0,2012.0,6944096.2
1297,36.0,6.0,2013.0,11913513.219999999
1298,36.0,6.0,2014.0,29391461.24999999
1299,36.0,6.0,2015.0,79133255.93
1300,36.0,6.0,2016.0,78233640.97999997
1301,36.0,6.0,2017.0,37734546.13
1302,36.0,7.0,2012.0,13605238.90999999
1303,36.0,7.0,2013.0,14392059.434999999
1304,36.0,7.0,2014.0,32446303.869999986
1305,36.0,7.0,2015.0,88069252.1600001
1306,36.0,7.0,2016.0,69275400.07000001
1307,36.0,7.0,2017.0,39396855.70000002
1308,36.0,8.0,2012.0,12904263.279999996
1309,36.0,8.0,2013.0,17912764.44
1310,36.0,8.0,2014.0,37943771.48000001
1311,36.0,8.0,2015.0,77795162.94999999
1312,36.0,8.0,2016.0,74535335.48000003
1313,36.0,8.0,2017.0,32301798.009999998
1314,36.0,9.0,2012.0,9835268.56
1315,36.0,9.0,2013.0,19144274.245
1316,36.0,9.0,2014.0,45967174.25
1317,36.0,9.0,2015.0,100800737.53000008
1318,36.0,9.0,2016.0,55132997.440000005
1319,36.0,9.0,2017.0,28573743.19999999
1320,36.0,10.0,2012.0,11181605.709999997
1321,36.0,10.0,2013.0,15565842.99
1322,36.0,10.0,2014.0,49836765.20999999
1323,36.0,10.0,2015.0,95513907.32999995
1324,36.0,10.0,2016.0,62891051.880000025
1325,36.0,10.0,2017.0,32438836.99
1326,36.0,11.0,2012.0,11905906.250000002
1327,36.0,11.0,2013.0,15021912.934999997
1328,36.0,11.0,2014.0,39468658.759999976
1329,36.0,11.0,2015.0,76341143.89000003
1330,36.0,11.0,2016.0,58435102.80000001
1331,36.0,11.0,2017.0,33280061.44999999
1332,36.0,12.0,2012.0,12579476.68
1333,36.0,12.0,2013.0,23105465.404999997
1334,36.0,12.0,2014.0,71546134.43999995
1335,36.0,12.0,2015.0,101708067.12999997
1336,36.0,12.0,2016.0,63861772.400000006
1337,36.0,12.0,2017.0,32098106.370000016
